UTC_Time,price,market_cap,total_volume,crypto
2020-04-10,0.9576058280146804,7827651.892659198,92672667.43447028,sol
2020-04-11,0.7847113148208426,6173607.678345317,49458692.875223994,sol
2020-04-12,0.8759944068917709,7269680.447445141,37821009.955602355,sol
2020-04-13,0.7867121945458646,6302364.150584625,19579214.89293177,sol
2020-04-14,0.666673390515131,5306221.06575891,17523533.049867075,sol
2020-04-15,0.6376210673084666,5114653.932636794,12659541.408408836,sol
2020-04-16,0.6923331250859114,5505929.486978686,23132895.9095158,sol
2020-04-17,0.657449398309544,5348323.975349362,10227034.752456626,sol
2020-04-18,0.6769721852162044,5423066.285864263,10199318.163159857,sol
2020-04-19,0.6094358389483635,4844617.211182358,9789186.730548004,sol
2020-04-20,0.5347904942320182,4285479.154681022,8763891.031037511,sol
2020-04-21,0.5728269210770057,4591546.761226098,9610841.993019182,sol
2020-04-22,0.6848872198147996,5446538.173850838,18146790.14448149,sol
2020-04-23,0.6217032788666345,4909586.999036558,13659849.485801896,sol
2020-04-24,0.6227650900853694,5027193.620409137,8959427.13964603,sol
2020-04-25,0.6470903181859691,5173619.233465031,7324961.274114759,sol
2020-04-26,0.6398628040694914,5137791.330825961,8493459.048447348,sol
2020-04-27,0.5683154806973284,4616001.375155629,7534010.521157354,sol
2020-04-28,0.6574283212299112,5283691.351331575,7387289.032147021,sol
2020-04-29,0.7411890135877649,5897415.537215416,8964597.270530097,sol
2020-04-30,0.693089721323073,5635423.505964131,5182978.537733341,sol
2020-05-01,0.7169539321663891,5735879.899599453,4174109.6429038513,sol
2020-05-02,0.7124378933182761,5669404.169981707,3457574.5570013877,sol
2020-05-03,0.6866098174679662,5486412.385664286,3375393.730010124,sol
2020-05-04,0.6728297405546847,5354861.583908894,3467483.256730908,sol
2020-05-05,0.6503081490988862,5195811.6286706,2903980.8568524625,sol
2020-05-06,0.6194003582280405,5010066.054780242,2715223.2877061805,sol
2020-05-07,0.6089398899298076,4874818.721855924,3385522.0174709754,sol
2020-05-08,0.608939662026112,4827334.908169065,2493703.55942783,sol
2020-05-09,0.6017917957668725,4816707.909418276,2126230.1519960337,sol
2020-05-10,0.541777928609612,4324416.949285259,2370841.7230691817,sol
2020-05-11,0.5139234956267317,4171226.2991002905,2113480.526002199,sol
2020-05-12,0.5333426539131136,4266741.231304909,2182277.4116870984,sol
2020-05-13,0.5533191018747785,4413742.897500913,2337721.3827509126,sol
2020-05-14,0.574281421724847,4570789.918376839,548910.1111122454,sol
2020-05-15,0.5564341957677822,4432087.508991812,1837728.914580343,sol
2020-05-16,0.5989661106774994,4752035.386171752,2286736.274938201,sol
2020-05-17,0.6159337448626931,4898008.357759836,2950437.821089827,sol
2020-05-18,0.6477344448774962,5213969.633802138,3280890.995949265,sol
2020-05-19,0.6219357513498963,4996233.199332481,2375972.6144311675,sol
2020-05-20,0.5795859352817158,4629608.829738474,2306268.656301432,sol
2020-05-21,0.6055660983994974,4853042.594897839,2791803.410911919,sol
2020-05-22,0.6149832258209792,4919865.806567834,3449950.8698416166,sol
2020-05-23,0.6082201706733519,4866957.615424991,2624526.4581755586,sol
2020-05-24,0.5465741722754689,4374843.160369413,2831384.6236669393,sol
2020-05-25,0.6022304108336682,4809730.17960867,4453912.36455054,sol
2020-05-26,0.5731399463825178,4598505.351008801,2703457.5841550757,sol
2020-05-27,0.5884004926151261,4715158.090275346,2545885.09382515,sol
2020-05-28,0.5721700884660958,9366383.783941554,2654599.496858454,sol
2020-05-29,0.5774323126967125,9427078.266084636,2051249.6504508469,sol
2020-05-30,0.5858132380721703,9591470.33610501,2439529.3289575824,sol
2020-05-31,0.5756770028863081,9399234.951485896,1936502.3610925872,sol
2020-06-01,0.5789755237865244,9424972.586161828,2232352.346863049,sol
2020-06-02,0.565814320391003,9310563.109433703,1384105.1497734163,sol
2020-06-03,0.586205470714686,9614805.94741188,888236.6647254211,sol
2020-06-04,0.5867553687536804,9543805.262487222,863889.7763493777,sol
2020-06-05,0.6569611049457513,10747702.95638117,4253926.368138953,sol
2020-06-06,0.6254174646400334,10180036.835310562,1644975.9479360643,sol
2020-06-07,0.6193745553415636,10138083.793723866,778127.9330190483,sol
2020-06-08,0.6676807419152483,10913789.386770498,1450401.0511809927,sol
2020-06-09,0.6554185232956307,10726797.093153996,934660.1510810164,sol
2020-06-10,0.6503617499580121,10648020.65447342,1145633.2872963657,sol
2020-06-11,0.5719983046317773,9341515.406268211,1164520.213589104,sol
2020-06-12,0.5933564822995189,9722321.601662133,962192.202344892,sol
2020-06-13,0.6088102028493066,9955797.604756866,753788.2633049818,sol
2020-06-14,0.586183105523133,9583560.125035351,915552.325663399,sol
2020-06-15,0.5703312716454458,9320494.000741212,1052111.2592694547,sol
2020-06-16,0.5850988389924333,9519846.38912149,679085.216200979,sol
2020-06-17,0.5818481709972113,9549958.35463254,704810.1888912406,sol
2020-06-18,0.6199980008389199,10224928.435807472,1372641.01989903,sol
2020-06-19,0.6860916859440122,11247343.894203106,7055205.212782311,sol
2020-06-20,0.6445979846649201,10673766.043338615,1745226.9861953105,sol
2020-06-21,0.6727477930583199,11086240.79289364,2287434.9791924166,sol
2020-06-22,0.7271729644769215,11996277.112687156,1654719.03275172,sol
2020-06-23,0.7067336276588002,11646898.982503338,1383543.515394181,sol
2020-06-24,0.7362452622406327,12150092.54225176,2827321.0318965996,sol
2020-06-25,0.7126894105564204,11741625.18994288,1804323.6591062369,sol
2020-06-26,0.7407208653820945,12079079.145186102,1673667.3915581722,sol
2020-06-27,0.7133553688193407,11750514.839677684,1710200.3756398568,sol
2020-06-28,0.7987604659546775,13136127.952360293,3419777.1925617917,sol
2020-06-29,0.8531268842862817,14062849.974509096,2179078.5022104667,sol
2020-06-30,0.8592955544373364,14164459.013979023,4200596.310608971,sol
2020-07-01,0.8324592358815799,13737840.609279668,1840101.230846373,sol
2020-07-02,0.7746114788082067,12783903.734507758,1796842.5276823917,sol
2020-07-03,0.7674704652113047,12672163.175031388,1136961.545898324,sol
2020-07-04,0.7811871083546776,12892264.592707587,1683516.1067310176,sol
2020-07-05,0.6921876621707542,11423393.47428414,3820984.230135418,sol
2020-07-06,0.708409297313418,11691026.180906912,1164528.5162276954,sol
2020-07-07,0.7534772552866666,12435090.742149867,1711217.8737984726,sol
2020-07-08,0.7956141684819489,13138366.724263769,2258517.8140890417,sol
2020-07-09,0.8504783390765865,14045120.422821058,2615952.924425641,sol
2020-07-10,0.9136373735709604,15112460.37027957,1871221.381625289,sol
2020-07-11,0.9215341890095096,15255277.05816987,1733700.4838324187,sol
2020-07-12,1.017526937557668,16696748.621766666,4779890.404796757,sol
2020-07-13,1.1787532874584383,20428062.235112287,4064986.8593240106,sol
2020-07-14,1.1483561946452148,19972946.84442129,2236363.0616940595,sol
2020-07-15,1.293547505551052,24362181.926540542,3361791.9274219424,sol
2020-07-16,0.8689184704805727,17274473.46197496,9296866.059843082,sol
2020-07-17,0.9818241501710888,20917439.75564856,11550958.719088707,sol
2020-07-18,0.9673182706042268,20602905.143447436,2951092.759333697,sol
2020-07-19,0.9224383437804942,19624140.864785753,2231346.892892173,sol
2020-07-20,0.8730589788162091,18811046.939017244,3041235.988885012,sol
2020-07-21,0.9763920314535464,20859692.480081823,4296502.831840978,sol
2020-07-22,1.0447246666635182,23288212.437627885,5381567.012406718,sol
2020-07-23,1.055806292137335,23621340.96676559,3051275.6707602446,sol
2020-07-24,0.996204458635239,22240716.375305213,2030487.6493153644,sol
2020-07-25,1.250866425449966,27986367.374513853,9847485.817662286,sol
2020-07-26,1.597026052950196,35745817.7886529,9916449.44921899,sol
2020-07-27,1.7769558120449132,41165009.82828771,34618880.39774075,sol
2020-07-28,1.7839631352797094,41629008.98213003,9748575.381711468,sol
2020-07-29,1.657191929125876,40210662.87394944,11129957.57810826,sol
2020-07-30,1.688418732306239,41117076.71814283,5611511.032735667,sol
2020-07-31,1.538097031663773,37711209.168728195,5087571.122031662,sol
2020-08-01,1.5331373954293075,37591996.350815535,4748192.135285872,sol
2020-08-02,1.7460156741727717,42382004.442631856,6698349.656645603,sol
2020-08-03,1.800363680560212,43879557.43250306,5778334.689310662,sol
2020-08-04,1.897307254698148,46368816.3139189,5584908.268188476,sol
2020-08-05,1.7611833194175444,43050611.45569475,5569521.620614501,sol
2020-08-06,2.2019224919095755,57169342.30736419,10399801.556090286,sol
2020-08-07,2.073120413084232,54969359.87215626,7707429.070748664,sol
2020-08-08,2.473401784088845,65401183.62573061,10257501.939669048,sol
2020-08-09,2.659002831147767,71020175.15382175,11357917.296250584,sol
2020-08-10,3.135883738986437,87332088.95472732,22017721.74290488,sol
2020-08-11,3.264869117899598,91851887.99480896,34022534.26369051,sol
2020-08-12,3.741387930130048,105458413.8307931,27350570.77388378,sol
2020-08-13,3.733675412574768,108874815.26710749,28936940.781297173,sol
2020-08-14,3.417497219987532,101662334.18190424,19041477.056082636,sol
2020-08-15,3.173195437376957,94560197.3979158,13945414.886381747,sol
2020-08-16,3.3852267282077353,101093049.99744666,10367526.298214646,sol
2020-08-17,3.103088944314995,95117475.85564578,11222688.377130892,sol
2020-08-18,3.331062075226566,103512572.7225058,29613499.054796744,sol
2020-08-19,2.8961310680437595,91194729.76245809,15448650.496923096,sol
2020-08-20,3.2065025821939535,101186302.29256418,13595404.010378797,sol
2020-08-21,2.9331894135899335,92576368.0854075,12006369.81954384,sol
2020-08-22,3.0217655955968654,95149797.26079312,10159244.74494122,sol
2020-08-23,3.3299340513884106,104838610.420335,11705563.476910876,sol
2020-08-24,3.3397770443341135,105025071.74355628,15583655.53692684,sol
2020-08-25,3.2612416074765753,103504610.6052642,12533596.20470018,sol
2020-08-26,3.5510669414297205,114219136.44905476,22112806.023894925,sol
2020-08-27,3.430616121799528,110491240.21623018,21498130.288651012,sol
2020-08-28,4.011416157428157,129651597.85797817,26740109.116042912,sol
2020-08-29,3.972282229488827,128816760.88101023,14534080.230702233,sol
2020-08-30,4.436663533464179,144468272.8412078,22083311.984774828,sol
2020-08-31,4.7944618494720785,157231078.23530626,19476155.185270272,sol
2020-09-01,4.304353616338777,144080731.16918826,16073140.847875305,sol
2020-09-02,4.176224469342381,137747076.79202124,23121094.981106818,sol
2020-09-03,3.5139711518755092,119105104.96979707,27187766.957454216,sol
2020-09-04,3.5407174542293283,118962336.47400291,17857611.36846,sol
2020-09-05,2.5951717114056416,87193154.31518938,25742235.853560265,sol
2020-09-06,3.087153751704757,103754712.65869252,18512975.690539997,sol
2020-09-07,2.906438017628754,99103615.3011978,15992080.626502352,sol
2020-09-08,2.4742806348861026,85338829.21618006,10503232.091517104,sol
2020-09-09,3.634370351289769,121438753.71660665,46180176.27343093,sol
2020-09-10,3.453090001140051,118759154.8277774,31817980.375814505,sol
2020-09-11,3.4462085226704344,121133286.76719752,16519855.116028652,sol
2020-09-12,3.3326620873211703,116947704.57942767,10193775.121683143,sol
2020-09-13,3.22479831179511,112654349.57438488,15375145.93697348,sol
2020-09-14,3.2623912097330243,118721263.47138277,21853783.60876622,sol
2020-09-15,2.931693208266334,107150010.94799854,12635260.000412077,sol
2020-09-16,2.5494654060917625,94070098.59695262,24795333.6875552,sol
2020-09-17,2.919199303305689,107329192.55976476,21791980.63219644,sol
2020-09-18,3.084079827098842,115398247.16683204,22533255.903117426,sol
2020-09-19,3.0147288973338715,113066182.9422364,10943760.457857544,sol
2020-09-20,2.8679582577061704,107485223.20908946,9294739.741029434,sol
2020-09-21,2.77366022930038,105132421.8250733,19270693.968702458,sol
2020-09-22,2.9402155138255073,110996725.68154047,18874481.49614106,sol
2020-09-23,2.8355005874806776,107801478.99659245,14564763.145004692,sol
2020-09-24,3.130126407105003,118878878.68168244,16633162.873780876,sol
2020-09-25,3.191006049537429,122238331.59277277,13618464.796439826,sol
2020-09-26,3.135145215569654,121477645.40078652,8801854.27770789,sol
2020-09-27,3.1659948849500643,124163454.94575258,7557998.443943798,sol
2020-09-28,2.9557751507195418,115671366.64099684,9309539.826511212,sol
2020-09-29,2.945119038534579,117794737.82329232,6850416.403733073,sol
2020-09-30,2.895851723928607,116997169.793763,5787535.353310377,sol
2020-10-01,2.866125781133827,116446343.764479,8826242.176135253,sol
2020-10-02,2.6289039111067782,107373602.62220952,14212990.242723487,sol
2020-10-03,2.5536378078057957,104629198.18132688,5964945.748663193,sol
2020-10-04,2.522557078453714,104629072.11208975,7148795.3663304895,sol
2020-10-05,2.652751429083878,109983903.67952684,8274088.030812653,sol
2020-10-06,2.174595988147619,90510593.136206,12053371.14959094,sol
2020-10-07,2.290102499091077,96626244.2271101,14026928.603023551,sol
2020-10-08,2.3626573108302025,100361073.08665311,18962028.194038983,sol
2020-10-09,2.539492735094531,108143704.99926196,14326709.102963934,sol
2020-10-10,2.4055686376579755,102263473.3254,10183145.724821746,sol
2020-10-11,2.418105545958514,102599664.11189498,7287675.814385024,sol
2020-10-12,2.5835814456344366,109398780.83412512,15148498.562808538,sol
2020-10-13,2.402275768916289,104349414.79795986,13892838.741344552,sol
2020-10-14,2.3191536796804995,100630989.38907091,10350998.4887243,sol
2020-10-15,2.268549825333015,98861299.72953752,8122715.968983821,sol
2020-10-16,2.1410969900561,93684534.75782022,15223420.219593452,sol
2020-10-17,2.2035632012257804,95604758.79489854,6335659.683846947,sol
2020-10-18,2.2119210242084533,96201418.29928117,5687385.028653056,sol
2020-10-19,2.056854398926332,89483911.14654794,8565815.857466063,sol
2020-10-20,1.8858859870466809,82488167.14046891,15641566.709200723,sol
2020-10-21,1.8809689528028195,82144490.25896214,23297280.721893147,sol
2020-10-22,1.9538868465951076,86559361.41416237,13454997.575523896,sol
2020-10-23,1.9571745339461704,86992250.29298699,11186213.356340406,sol
2020-10-24,1.9125348373534423,85097119.41553113,6919606.692459674,sol
2020-10-25,1.7910124551194946,80166567.40845197,9185870.299509026,sol
2020-10-26,1.6848007548575634,76352252.52403358,13591649.240590198,sol
2020-10-27,1.7159415073624318,78379682.65133592,15297050.598319847,sol
2020-10-28,1.5185434311695507,69484097.07158922,15939411.515576778,sol
2020-10-29,1.4288466908519226,65484559.74846173,8662606.661041781,sol
2020-10-30,1.4406457973488311,65971825.09030392,9349348.871776776,sol
2020-10-31,1.5355514530581402,70310236.99352686,6702913.199915457,sol
2020-11-01,1.600572441974701,73223097.96611069,7044518.693985352,sol
2020-11-02,1.4752353298018694,67681588.11219725,6491093.9037773525,sol
2020-11-03,1.4126356428447633,64789424.24486666,6668083.606459433,sol
2020-11-04,1.3933070455135532,64037059.28113097,13444944.225189565,sol
2020-11-05,1.4057083583738634,64230247.786586635,10875990.980387984,sol
2020-11-06,1.92596914953155,88646989.63268837,29260208.082079533,sol
2020-11-07,2.032391502844419,94477844.75803708,69505254.93434788,sol
2020-11-08,2.155344889638131,99153483.96280438,35274009.490947016,sol
2020-11-09,2.0285116039511935,92911864.560423,23430879.829114553,sol
2020-11-10,2.252786688117921,104439762.47148168,17683772.994641323,sol
2020-11-11,2.000194697094851,91842384.4291332,17995064.27824164,sol
2020-11-12,1.896790484098796,86929582.54336853,14316052.703740103,sol
2020-11-13,2.017595353872823,92395446.39953326,10853681.100996608,sol
2020-11-14,1.9198208087780548,88345125.41853492,7480703.339548037,sol
2020-11-15,2.0406791308120753,93688715.99840245,17895366.80890147,sol
2020-11-16,2.2623589978442378,103751002.08687328,20610242.317284264,sol
2020-11-17,2.197190778740227,101161954.40612784,15969353.057183923,sol
2020-11-18,2.117886192370405,97122156.74764428,13848265.661515675,sol
2020-11-19,2.070684202084601,95016544.57983688,9316529.247631349,sol
2020-11-20,2.099258903106589,96699115.09128667,10371769.862920254,sol
2020-11-21,2.381429683264949,109103139.9036232,25366504.823793355,sol
2020-11-22,2.151813535476351,99643753.24807031,20574885.270062737,sol
2020-11-23,2.273388487038822,104405683.73789696,18928875.39550107,sol
2020-11-24,2.2599141412129526,103371313.28825708,32072469.88442561,sol
2020-11-25,2.2646129983306857,103929950.4113385,31314180.50158886,sol
2020-11-26,1.9019050448221404,87261948.4587302,41413742.502415486,sol
2020-11-27,1.8592629872719064,85368717.62930092,16043158.39733107,sol
2020-11-28,1.8903759559939504,86876340.85848026,13543976.251381855,sol
2020-11-29,1.9133429784467304,87979239.4231415,7475716.686282049,sol
2020-11-30,1.9652469851002097,90930509.95528533,10302108.6624142,sol
2020-12-01,1.9821155844306728,91819218.14741091,15857429.667479658,sol
2020-12-02,2.1173819608613713,98158810.32584806,20110298.14090546,sol
2020-12-03,2.0967513186152114,97007192.41882148,26145331.304000676,sol
2020-12-04,1.858485553374542,86302542.38359374,12376166.936333302,sol
2020-12-05,1.9786603345404,91469353.58874711,10627298.671877306,sol
2020-12-06,1.851301551500301,85608059.73744749,10598081.573961524,sol
2020-12-07,1.8306335885715757,84695936.97844146,10468359.685002154,sol
2020-12-08,1.6703686172523906,77643530.78405608,17112369.527682714,sol
2020-12-09,1.664937350328642,77258533.71758029,16742998.45128931,sol
2020-12-10,1.5765078909674242,73019479.91112876,9081181.441213774,sol
2020-12-11,1.4496692801969542,67063074.53264825,10757763.654799256,sol
2020-12-12,1.4908497129487033,68998005.96321389,9176582.194922846,sol
2020-12-13,1.5665711036119,72368450.61816674,10831419.615199426,sol
2020-12-14,1.5904572145316247,74144495.06564687,10852348.235007472,sol
2020-12-15,1.7529676467046862,80958321.29626867,25707468.385520007,sol
2020-12-16,1.779209478837656,82697026.71230772,20667383.028789427,sol
2020-12-17,1.677764317256101,77962145.67023137,19771583.134829283,sol
2020-12-18,1.6997785608559872,79098065.29444037,9944183.27492898,sol
2020-12-19,1.668308558594091,77655684.25950308,11133539.429365838,sol
2020-12-20,1.5633483514359,72790529.40428856,11294828.80348789,sol
2020-12-21,1.5434205371433634,71954471.52541262,10231076.96252841,sol
2020-12-22,1.4928837701687971,69532641.54486774,14598569.95920073,sol
2020-12-23,1.206243024482621,56718890.08800321,21811152.391227532,sol
2020-12-24,1.3634590117032817,63270395.09871319,11669615.744971463,sol
2020-12-25,1.4458848057739129,67364923.8031706,11302457.898446824,sol
2020-12-26,1.3282607978532563,61824850.922195025,8569139.626475705,sol
2020-12-27,1.3065401279822344,61706533.09169116,15721103.749787897,sol
2020-12-28,1.519128250108042,70774348.23560144,16248544.099952295,sol
2020-12-29,1.6760685346336837,78352281.80230162,34126955.314970545,sol
2020-12-30,1.5378390877377932,71585859.2732059,16897738.266745638,sol
2020-12-31,1.5158074963117758,69766796.8517985,17111375.741750743,sol
2021-01-01,1.8411408764785613,86318139.65505527,32991393.10011804,sol
2021-01-02,1.802628913180411,84086466.39653847,41366106.07008067,sol
2021-01-03,2.14770799035378,99775343.80647424,71243785.08334851,sol
2021-01-04,2.4217846067950366,111799126.97201678,74768826.60691226,sol
2021-01-05,2.1618689571522256,100329573.08891997,65041612.88843685,sol
2021-01-06,1.9231854639663055,89806036.82660183,66770224.861168616,sol
2021-01-07,2.3674092848829695,617487734.823374,219251174.2197483,sol
2021-01-08,3.2344821232005927,832993617.4072843,286755149.1133893,sol
2021-01-09,3.3885883690214627,895647361.5109031,120168621.4158514,sol
2021-01-10,3.4737322317991124,912330458.1173432,80904486.74204415,sol
2021-01-11,3.107627489523499,817258464.2688268,106045335.58882752,sol
2021-01-12,3.58676467736862,938493137.5207736,97551374.06150249,sol
2021-01-13,3.520762208941768,921726565.2583522,75016318.35179248,sol
2021-01-14,3.2781934892090505,859145982.5611855,76404702.33595315,sol
2021-01-15,3.2557793953909067,854734765.1596448,58075508.18361369,sol
2021-01-16,3.451865500376336,904006570.0309956,99803415.70677254,sol
2021-01-17,3.81598415593309,1017470477.7839756,93623327.60068645,sol
2021-01-18,3.7751466399459663,987108914.5515286,92855359.6361952,sol
2021-01-19,3.641431311969665,953132372.6214266,70082464.78928855,sol
2021-01-20,3.729115837327082,973442831.7891594,58455688.05431196,sol
2021-01-21,2.998811474590356,786986237.3494189,56210951.531339064,sol
2021-01-22,3.341360079142882,870802220.8670269,78912922.70962742,sol
2021-01-23,3.5015683031312848,910358037.3778708,34563933.459064916,sol
2021-01-24,3.63170707484897,946423915.3825784,39857016.48670482,sol
2021-01-25,3.7139996330041942,970376773.8007468,102071940.744134,sol
2021-01-26,4.032884053809296,1054703273.4109548,99915130.853126,sol
2021-01-27,3.699511535159664,965216149.5931334,41769652.736767605,sol
2021-01-28,3.817402068465168,994404569.1401207,39406683.91005037,sol
2021-01-29,3.864348593084973,1011832935.6122584,56780983.11915729,sol
2021-01-30,4.233485772671465,1099976702.0181136,67081650.43724923,sol
2021-01-31,4.263968588843047,1108554251.4633815,97446415.859447,sol
2021-02-01,4.594574802707021,1181003688.1507916,46965792.231593795,sol
2021-02-02,5.257321084771443,1375270992.6864705,123805679.78884631,sol
2021-02-03,5.721470793794539,1486424501.2461636,94154842.87095356,sol
2021-02-04,6.41624673360909,1677733734.3813236,136705073.21189842,sol
2021-02-05,6.706647732382283,1732564478.94795,122560651.23753116,sol
2021-02-06,6.117657911972685,1614662623.626382,134130068.36753744,sol
2021-02-07,6.657339688114339,1741080410.398057,133124403.50118582,sol
2021-02-08,7.908749783879188,2067531944.1291592,198992540.37720096,sol
2021-02-09,7.84013833144138,2066515667.7340856,155211915.61724132,sol
2021-02-10,9.021720125352658,2347978417.7784863,151648521.93150106,sol
2021-02-11,9.200179305161804,2396719732.1723113,201126010.15108156,sol
2021-02-12,9.228804888243197,2426763287.306892,114926769.55619729,sol
2021-02-13,8.713969623823095,2299907027.7197843,116673415.15525527,sol
2021-02-14,8.727632198363525,2299584697.079879,111434979.06446633,sol
2021-02-15,8.847305421008814,2319301370.904806,109980858.18916675,sol
2021-02-16,8.30280602969779,2184260799.960396,72282574.1446148,sol
2021-02-17,8.231931006463842,2173930631.1428275,95778536.21248828,sol
2021-02-18,9.01266263252076,2375754523.610692,93285838.88247588,sol
2021-02-19,11.440869401894185,2993685734.1051297,337882476.3629094,sol
2021-02-20,10.044733825464116,2615417098.019502,151686888.40429655,sol
2021-02-21,11.1134029369101,2943199329.545796,185663015.63880065,sol
2021-02-22,14.4237305333873,3751426598.91799,745502104.7831652,sol
2021-02-23,15.15827794507358,4014384609.485051,1244332504.0368009,sol
2021-02-24,17.471803640467495,4630153132.806194,653765450.5243506,sol
2021-02-25,13.811009065584932,3670715311.01561,528005152.61285347,sol
2021-02-26,13.668935958977311,3630663218.351275,439215087.7936575,sol
2021-02-27,13.310965118755188,3502097092.0348463,331645301.8971598,sol
2021-02-28,13.030769065831386,3482110143.44744,388225411.00663006,sol
2021-03-01,15.030085685643074,3973508157.319812,392440888.40344346,sol
2021-03-02,14.010086254280449,3703367097.5839825,225140396.1605628,sol
2021-03-03,14.131003508942642,3742765612.839295,196774080.8443388,sol
2021-03-04,13.11502409372346,3465889173.00098,147658517.89297044,sol
2021-03-05,12.63107017877297,3328224948.5193915,114430118.94230545,sol
2021-03-06,13.068095512982284,3455484976.176569,151724548.43234462,sol
2021-03-07,13.91718704526964,3683032789.5785527,176392184.74589956,sol
2021-03-08,13.640225836910282,3627821384.30089,135033736.39428464,sol
2021-03-09,14.866607085296575,3948666694.263174,167995189.73188934,sol
2021-03-10,14.233539653620891,3801048410.6381903,146460475.43541464,sol
2021-03-11,15.976571418630938,4251534865.370938,296645197.9026507,sol
2021-03-12,14.598623129754037,3904039878.018883,234666311.88987264,sol
2021-03-13,15.318478663846856,4102822643.225109,187955914.4581912,sol
2021-03-14,14.567314052136112,3914890622.835212,111823964.28382452,sol
2021-03-15,14.163365885178608,3802503168.319744,133187836.15549985,sol
2021-03-16,13.689313740219452,3652666107.3940897,144943707.17130157,sol
2021-03-17,14.277756264275158,3813907144.3630457,118128026.4225448,sol
2021-03-18,14.26867567597296,3818502582.108464,98337016.85098363,sol
2021-03-19,14.182866696542028,3784530964.203633,86842533.95631836,sol
2021-03-20,14.275804030345457,3827195162.447837,86343402.39593284,sol
2021-03-21,14.306229754951788,3820743747.1802936,79484161.8717318,sol
2021-03-22,14.870337482227852,3996883816.28734,326592283.75572574,sol
2021-03-23,14.194567786228824,3797038254.76521,133887151.9028572,sol
2021-03-24,13.60393816401807,3673111725.425858,147906709.02353978,sol
2021-03-25,12.964522758314372,3458196577.606995,143844943.83494917,sol
2021-03-26,14.749054072098565,3952457817.8285327,183730696.6445045,sol
2021-03-27,16.56643725364522,4447942286.041741,282806957.30753034,sol
2021-03-28,18.008069673329885,4849136131.610755,534850426.5573704,sol
2021-03-29,18.884890865843666,5060496028.96088,266282434.7053076,sol
2021-03-30,19.175755751876615,5140859722.050636,320692680.3417659,sol
2021-03-31,19.48663194355817,5229172252.453522,255371895.72794145,sol
2021-04-01,19.05545051591954,5115358904.3969,213522852.9244486,sol
2021-04-02,19.73831924627352,5287278539.188044,162070984.46377787,sol
2021-04-03,22.598963045163597,6076766593.933186,600716419.5680904,sol
2021-04-04,24.02282911560326,6459213598.5183325,536246712.90027696,sol
2021-04-05,22.942985835974703,6143755028.531597,324307982.04602367,sol
2021-04-06,24.989549183579577,6677871480.251414,404116807.87156296,sol
2021-04-07,26.674732954277772,7244692415.792232,714313720.050788,sol
2021-04-08,27.00514637240972,7238834909.900146,445724093.1060517,sol
2021-04-09,27.784698122914115,7509326042.822403,351754156.4264195,sol
2021-04-10,26.833966062021243,7243681262.228849,340108404.22059625,sol
2021-04-11,27.817769827309405,7504132255.224255,293810895.92842746,sol
2021-04-12,28.5239805124,7668557969.184397,388174413.34322846,sol
2021-04-13,27.569507268014537,7477651408.251167,327658007.71776986,sol
2021-04-14,26.451516360520532,7124964901.168281,425296729.1707104,sol
2021-04-15,27.82949194313198,7510746946.813054,267944999.8711866,sol
2021-04-16,25.280265043287383,6847726667.985529,294302057.27032316,sol
2021-04-17,25.01097915337799,6763365116.21136,259794445.97361812,sol
2021-04-18,32.43000666656829,8839759827.800987,1456340755.9689653,sol
2021-04-19,31.72514830005086,8636876765.15214,1138689654.528968,sol
2021-04-20,31.687792724714733,8638723481.256248,982110136.3637146,sol
2021-04-21,32.31362189326206,8840620046.282288,916541281.5816184,sol
2021-04-22,39.04180159309067,10546870753.411224,1619297323.1447806,sol
2021-04-23,37.06688970435915,10009570403.266832,2170847454.238238,sol
2021-04-24,40.74492271990316,11122055713.48721,1508721736.1244557,sol
2021-04-25,47.66158942345178,12948847195.888563,2115947832.9145389,sol
2021-04-26,44.4964806617465,12053853291.95677,1808647601.294896,sol
2021-04-27,43.21796539788754,11730117463.908833,889450121.2961354,sol
2021-04-28,45.03962011024728,12162250490.154093,1328456957.4543357,sol
2021-04-29,42.5819452001649,11521025311.458416,1007552489.8800592,sol
2021-04-30,42.995296352215185,11625206342.893156,715484397.6606659,sol
2021-05-01,49.663394135648275,13505629296.647703,1107804038.4559028,sol
2021-05-02,46.93452854649153,12731441940.852585,736253572.4014621,sol
2021-05-03,46.08780894588962,12596937422.5915,754315146.457899,sol
2021-05-04,42.70189409565587,11695753640.918264,850967614.8898401,sol
2021-05-05,44.893093488124,12196654588.937689,632988283.9886094,sol
2021-05-06,43.43782697098598,11848638343.099876,496643551.4017424,sol
2021-05-07,43.072134333542394,11736620149.519144,628075167.8004643,sol
2021-05-08,45.68567329638394,12483159691.847982,565022391.0665238,sol
2021-05-09,44.35912616018185,12070625546.32745,631361237.6483146,sol
2021-05-10,42.96048600238864,11724389834.30516,610750904.6029066,sol
2021-05-11,44.72439581889054,12215743859.11548,587946571.6315473,sol
2021-05-12,43.62157836926913,12440648899.351025,1387803968.4736755,sol
2021-05-13,41.109968983538224,11096669650.829687,1273761712.5733151,sol
2021-05-14,42.87180002955891,11689352286.16738,536552649.6415436,sol
2021-05-15,43.46242757015506,11799908298.851982,617414124.1173804,sol
2021-05-16,47.17666783643097,12808567896.878408,2249695072.220029,sol
2021-05-17,46.861759616729216,12904194705.374098,2104910795.048521,sol
2021-05-18,56.202009029292114,15371663655.587006,2063395663.2413113,sol
2021-05-19,35.758844160586776,9921711894.075151,2921072601.0062203,sol
2021-05-20,44.52570262534382,12171270499.157091,2519340039.6724825,sol
2021-05-21,38.43160144697336,10430110171.295876,1807465387.1299963,sol
2021-05-22,31.6146018945284,8668570148.20386,1134738458.8461702,sol
2021-05-23,24.76763979126399,6741153859.711209,1988074629.747088,sol
2021-05-24,30.98546737051786,8456340961.644993,1351443455.141726,sol
2021-05-25,30.00644952590393,8200361459.252724,934610971.722382,sol
2021-05-26,35.65025364482327,9637728345.153328,1118628986.9193478,sol
2021-05-27,33.659342590355116,9223068939.871317,662066528.4413192,sol
2021-05-28,29.021948393257706,7915741496.510311,624114420.0451146,sol
2021-05-29,27.55720416292785,7555682949.616899,402043440.1374603,sol
2021-05-30,28.56228742665867,7786190305.535411,385506550.2941925,sol
2021-05-31,32.66212259787656,8921358871.643251,556481220.8582711,sol
2021-06-01,30.985238146398338,8466375153.864945,451120119.86649257,sol
2021-06-02,34.18804885530961,9317118424.38306,526537332.9126237,sol
2021-06-03,39.70667545056023,10988660955.92941,1003176056.3730243,sol
2021-06-04,37.59916221822976,10271428908.065245,1090388198.6913736,sol
2021-06-05,39.340010888406205,10611364493.458803,1151594281.2540836,sol
2021-06-06,42.2598870528484,11508207254.494314,825017874.7335211,sol
2021-06-07,38.19473236980912,10637505878.18168,942584607.2080762,sol
2021-06-08,41.41714832962446,11375166576.681131,1825252143.252731,sol
2021-06-09,42.07765252553618,11544497584.210085,1272173444.9534538,sol
2021-06-10,41.205960702125125,11231058225.872488,624242377.7255889,sol
2021-06-11,36.09038097242029,9831892846.255322,558803764.8352512,sol
2021-06-12,36.568375266883066,10095207879.649364,584578781.8182625,sol
2021-06-13,38.820386099134,10521989454.932695,488535747.5349405,sol
2021-06-14,39.64405780180996,10808680336.53195,564059144.821838,sol
2021-06-15,39.69949997715331,10852976029.829046,508646352.8873955,sol
2021-06-16,39.54766089054998,10781816203.272686,636535388.3933998,sol
2021-06-17,39.32721784794218,10638298323.849005,472927528.3029236,sol
2021-06-18,36.62410257252056,10008182630.914902,481564015.6061824,sol
2021-06-19,35.26048477919641,9621683962.87426,302280531.1963374,sol
2021-06-20,35.284274899376165,9611623563.108702,507507928.94648,sol
2021-06-21,26.59538136949911,7439425733.837019,836901347.2188203,sol
2021-06-22,26.729201466247304,7157859824.732246,1371341088.6752522,sol
2021-06-23,30.87900372816168,8377496849.572571,1203441656.8115778,sol
2021-06-24,31.44053281154812,8585542319.490724,732654201.7448984,sol
2021-06-25,29.23725923358748,7985242401.768215,737663786.9399918,sol
2021-06-26,29.374776218716168,7914659494.026683,639618006.1446898,sol
2021-06-27,31.67466281145659,8602431238.497906,572104299.6430303,sol
2021-06-28,33.114180869076236,9040653316.656572,674515112.3947256,sol
2021-06-29,33.92293267730953,9355893411.033451,645572532.2254869,sol
2021-06-30,35.83440251659123,9784660089.64145,791091273.1745555,sol
2021-07-01,33.55617113324256,9145093164.974163,663491276.6668489,sol
2021-07-02,33.95890784245649,9219660440.797184,607351754.6625379,sol
2021-07-03,34.46550620541941,9395489549.381342,462037406.3577414,sol
2021-07-04,34.4488487549447,9396692749.038609,424937662.01328224,sol
2021-07-05,33.120055451168234,9033978686.400784,436664234.535345,sol
2021-07-06,34.291237666647795,9343669279.576614,499801292.4695335,sol
2021-07-07,36.657274540397,9995196544.250605,727575218.1716276,sol
2021-07-08,33.51414390083529,9137574846.549248,691932146.2056346,sol
2021-07-09,33.5318526308046,9138440436.827875,454190333.1445893,sol
2021-07-10,31.939202343364617,8716478997.829847,415853889.1192226,sol
2021-07-11,32.12329223606849,8760359617.466415,296169725.62816095,sol
2021-07-12,30.95347402705691,8429306463.204107,312330343.18604004,sol
2021-07-13,29.16206823389161,7953342249.0019,270392426.0783131,sol
2021-07-14,31.23600101808439,8488446183.42694,474454643.50580245,sol
2021-07-15,28.323537434952385,7712932810.684437,469048384.9902478,sol
2021-07-16,26.26323282766065,7168957057.321149,372119879.07038826,sol
2021-07-17,26.79168755465958,7314497718.903992,292646432.68583465,sol
2021-07-18,26.893938948659173,7331794881.762145,227071207.7156284,sol
2021-07-19,24.816200542365436,6774142705.91918,370348465.20546126,sol
2021-07-20,23.858446096960066,6500208589.083082,422162867.9308267,sol
2021-07-21,26.672396972929985,7243897344.253764,573149420.4413202,sol
2021-07-22,27.762978035532324,7561860534.399218,375801784.2134339,sol
2021-07-23,28.37606777419007,7713349030.470103,407425804.48123944,sol
2021-07-24,28.590333033238007,7794117620.737434,363380694.2290097,sol
2021-07-25,28.318817766435263,7718142916.945531,316495335.58890283,sol
2021-07-26,28.096697946304417,7706970297.480305,755245025.2497616,sol
2021-07-27,27.951131012641863,7591579830.598075,375190958.3560945,sol
2021-07-28,27.871801252229435,7595729558.871121,324323976.86976814,sol
2021-07-29,31.41657633388534,8603692851.645973,490243888.02364147,sol
2021-07-30,32.252691819301624,8782089188.680168,673479026.4084785,sol
2021-07-31,36.24876035531609,9870964496.720772,614044704.3846236,sol
2021-08-01,34.17251166927062,9272656715.856789,548581372.50092,sol
2021-08-02,33.27511835038949,9090469010.815338,463809054.21566033,sol
2021-08-03,34.3401202664068,9368039157.991346,535386826.38300115,sol
2021-08-04,35.90548260385135,9803376069.99858,453652890.7804349,sol
2021-08-05,37.47983512479931,10217649265.24856,642276103.3968464,sol
2021-08-06,39.53990291552664,10788517295.598757,634966886.3440547,sol
2021-08-07,39.38262634342374,10716940358.77982,567721952.7291353,sol
2021-08-08,37.66581962149719,10274392698.30968,387950835.5915774,sol
2021-08-09,38.76250121094557,10540000830.327097,392755194.37425494,sol
2021-08-10,40.66298980944724,11060502356.763584,512007043.4016342,sol
2021-08-11,41.79949265382151,11911671445.966951,518467624.0711313,sol
2021-08-12,41.19014957214054,11719191265.4597,501994574.0018019,sol
2021-08-13,44.69284014294085,12659136195.430464,536710066.6718894,sol
2021-08-14,44.06280236603161,12632010978.831278,375775175.2451106,sol
2021-08-15,53.67834815759493,15290073919.010555,1453940559.4346285,sol
2021-08-16,62.27708029189766,18474853367.365612,3744578512.779988,sol
2021-08-17,64.30343710651606,18770890602.314026,4071432568.045249,sol
2021-08-18,74.0048019564342,21274810508.661808,4552452964.336096,sol
2021-08-19,73.04851676946942,20809209324.240616,2751968421.5578585,sol
2021-08-20,78.44870433277,22425622491.819256,1816393865.8523588,sol
2021-08-21,74.21792558317044,21281170312.308853,1502846889.735206,sol
2021-08-22,73.12559205921369,20991469522.08777,1004789455.2040088,sol
2021-08-23,75.97033641124439,22022469783.777603,1376624102.1938393,sol
2021-08-24,71.21280823557079,20724670218.176235,1645439131.9405804,sol
2021-08-25,71.5109402153286,20802776475.036793,1460931375.1285913,sol
2021-08-26,76.11361963601048,22227352877.21953,2687938993.535464,sol
2021-08-27,87.96820731391372,25629594571.27215,3193853129.576366,sol
2021-08-28,97.06666833226843,28329094352.267193,2343520709.0638256,sol
2021-08-29,94.00977412300858,27304152716.88658,1619244457.9764173,sol
2021-08-30,109.6467328393857,31920673369.62922,4827155957.583222,sol
2021-08-31,108.70637640163672,31632430274.413536,7097442296.82563,sol
2021-09-01,110.81781609465584,32218252304.33078,3649705606.8515778,sol
2021-09-02,128.67418646306453,37338512656.086975,4623249675.435575,sol
2021-09-03,146.35759448244343,42571321335.87376,6871215127.90067,sol
2021-09-04,139.59408991633026,40720531105.91831,3607645007.288397,sol
2021-09-05,142.13561416692806,41412015757.628494,2711248607.007888,sol
2021-09-06,164.56092375980077,47904979408.22902,5245858966.571948,sol
2021-09-07,173.31109531018657,51322390022.24563,16149087501.300968,sol
2021-09-08,189.3444533132092,55627271034.27753,12034756697.736256,sol
2021-09-09,188.2759415810392,55264334912.28869,12182432665.179005,sol
2021-09-10,178.31957000068277,52325632036.02054,6992113162.711526,sol
2021-09-11,177.94240190335438,52220905554.677574,5327211599.2398405,sol
2021-09-12,174.88132072034375,51473851354.0501,3006790022.730882,sol
2021-09-13,169.277346931387,49653193581.09068,6270536793.440139,sol
2021-09-14,157.37799350381528,46493824080.66087,5484253084.148819,sol
2021-09-15,158.59633983839294,46994383928.494865,3973589945.002292,sol
2021-09-16,151.94834110204062,45094080634.83586,3163024291.1889153,sol
2021-09-17,147.58433443491424,43906621683.99821,4637329446.05819,sol
2021-09-18,170.10982401213687,50565779823.43124,5288896343.368672,sol
2021-09-19,153.326441718045,45589411995.17647,3442771809.9303317,sol
2021-09-20,133.36872474347524,39478971644.30225,5652873068.780831,sol
2021-09-21,122.69238861731206,36248052948.59296,5306957386.522338,sol
2021-09-22,148.3293541912427,44125796474.8162,4912176158.173082,sol
2021-09-23,150.3896531797567,44686382478.55573,3353529940.5091395,sol
2021-09-24,139.31414597542954,41548029058.16029,3863693217.85245,sol
2021-09-25,136.8354526288871,40572796552.98121,2059643190.9342537,sol
2021-09-26,135.79593311002097,40356234736.375404,2683407146.306161,sol
2021-09-27,136.25952148124458,40533909717.20195,2989640865.287466,sol
2021-09-28,130.60489190775277,39030320223.35616,2409481752.9774637,sol
2021-09-29,135.27916281520976,40196990252.30242,2423220767.1797714,sol
2021-09-30,141.1837464924982,42018890336.78696,2213933967.637082,sol
2021-10-01,161.3740294980268,47883980396.73367,4217104529.362905,sol
2021-10-02,169.20884384676515,50355827427.96756,3290801786.0451536,sol
2021-10-03,172.855870204067,51567116629.13389,2990394711.9668913,sol
2021-10-04,167.8779097499281,50072719494.08351,3108612675.2047114,sol
2021-10-05,164.36927639016088,49008643389.98899,2550034958.9268904,sol
2021-10-06,154.09462360903782,46002942256.337265,3216047716.7546687,sol
2021-10-07,154.25988506624046,46145608847.85937,2469488735.063495,sol
2021-10-08,158.91461108327633,47345863609.85284,2714913213.201317,sol
2021-10-09,157.3354214402797,47177850270.14671,1421850535.6544025,sol
2021-10-10,147.69627281665322,44343249688.30569,1495896606.8269508,sol
2021-10-11,144.85910794492872,43203031420.33364,1718475615.2479117,sol
2021-10-12,152.00078829875227,45622740431.63671,2766260744.0121436,sol
2021-10-13,148.39205395880688,44499473671.88846,1975667394.423865,sol
2021-10-14,150.09136322362892,45052609321.74922,1912976981.956736,sol
2021-10-15,162.9821748166483,48823858407.19429,3892259612.829453,sol
2021-10-16,158.27370286236626,47599650302.30947,1481556354.0119083,sol
2021-10-17,159.86349202431006,47919023512.03581,2132944251.543325,sol
2021-10-18,157.3753248909088,47243856329.811134,1619036320.357656,sol
2021-10-19,156.39068064885493,46992561227.938385,1345983825.326506,sol
2021-10-20,175.60195629220317,52336972845.39368,3069126856.4038467,sol
2021-10-21,189.05931890382809,56745796681.7565,6298926456.006809,sol
2021-10-22,197.83389968834183,59570438795.92708,6789555146.637215,sol
2021-10-23,198.3069522504728,59635176948.857414,2951218516.1830873,sol
2021-10-24,203.1652889528918,60949072513.08539,3114589452.2112665,sol
2021-10-25,211.1908015079416,63765586638.26856,4469234352.347065,sol
2021-10-26,199.75011389046043,60474514072.54135,3052799572.7936416,sol
2021-10-27,183.54274956995576,55282416869.143555,4812686988.408542,sol
2021-10-28,195.08625966302495,58664473682.87197,3385641009.2162027,sol
2021-10-29,199.7845325480303,60296944148.15687,2703331790.5309463,sol
2021-10-30,193.33785373845143,58207049317.824005,1651079244.1462584,sol
2021-10-31,202.39144718715852,61090424896.042694,2508960378.247013,sol
2021-11-01,203.81420779167425,61206174446.06882,3098391561.698444,sol
2021-11-02,220.65381148740764,65196157014.88239,2953101041.2490163,sol
2021-11-03,242.04614187434888,72820184828.91289,5949095156.100889,sol
2021-11-04,249.06288567609292,74509034095.48589,4457165321.346256,sol
2021-11-05,237.88946143331177,71642292583.50812,2814464970.6926665,sol
2021-11-06,259.23955828664066,77427308372.12741,3906155465.660115,sol
2021-11-07,250.36479323196647,75738472890.52711,2644011982.2496014,sol
2021-11-08,248.8224986641578,75445282061.2759,3223918132.658522,sol
2021-11-09,239.42042668071065,72453801809.51566,2681222975.329351,sol
2021-11-10,233.07366976619127,70391383039.29988,3800891475.935171,sol
2021-11-11,234.8643324134869,71231238187.65797,2618456168.353021,sol
2021-11-12,229.39855731141944,69321107450.57858,2941595137.276679,sol
2021-11-13,241.33480045995515,72948327032.41917,2171331102.080433,sol
2021-11-14,239.51447253719712,72218517508.24437,1611356876.8775847,sol
2021-11-15,238.76462750446103,72198022029.53314,2359326721.661139,sol
2021-11-16,220.09764163324897,66832143637.96159,3508776790.4518046,sol
2021-11-17,219.10555534624336,66086823807.616,2879294187.4798455,sol
2021-11-18,195.0785065693146,59087558120.593094,3731836544.9342785,sol
2021-11-19,215.83494421153327,65296328677.09514,3291840770.3925467,sol
2021-11-20,218.32939968667216,66281609248.12345,1870041532.1098204,sol
2021-11-21,232.44114562844396,71043502688.01355,2555181056.256027,sol
2021-11-22,216.39900684614148,65724676692.43798,3174537421.979065,sol
2021-11-23,222.09815823221743,67490798261.18599,2144049180.216279,sol
2021-11-24,205.54865275061945,62457339767.62576,2339653646.046749,sol
2021-11-25,209.7921519098444,63900196618.38859,2227843775.4152346,sol
2021-11-26,192.14742617788187,58390912497.66776,3216471568.33627,sol
2021-11-27,192.1361998244763,58410646819.21711,1351630152.313059,sol
2021-11-28,200.46141949418416,61094490229.682304,1935383257.029555,sol
2021-11-29,204.35042327956776,62325150548.69784,2007398408.756795,sol
2021-11-30,208.705589094445,63510180677.8961,2697160307.738946,sol
2021-12-01,229.4487239706693,70172175382.70602,3392086055.2374334,sol
2021-12-02,232.5722278396757,71252377813.81462,3994513448.87254,sol
2021-12-03,212.13388531266625,65135413411.05541,3755641183.1718,sol
2021-12-04,200.94131044922477,61293686195.46672,5616789175.450751,sol
2021-12-05,196.56894708665507,59802410642.4824,3228917298.9251223,sol
2021-12-06,193.8917319028527,59370079864.68529,3396199570.300543,sol
2021-12-07,190.3725711424348,58418632345.764206,2433284110.293539,sol
2021-12-08,194.30116864643185,59595483461.42861,2194875795.1411276,sol
2021-12-09,181.75158018469773,56181625087.33603,1858809298.6431613,sol
2021-12-10,169.46107045067666,52395376111.97878,1946102466.4617343,sol
2021-12-11,171.84456471947678,52819332275.01751,1791152660.6944845,sol
2021-12-12,173.73511343008292,53334889635.756134,1094395903.4166248,sol
2021-12-13,155.08489768608015,47995350984.2677,2372386156.3035607,sol
2021-12-14,161.06018556882867,49398872819.44277,2156901491.538006,sol
2021-12-15,178.2619337658359,54610048507.25148,3458991299.158227,sol
2021-12-16,176.80558474391322,54368442494.9893,2454635867.467667,sol
2021-12-17,175.79063841353098,54006293233.102875,2355530732.258781,sol
2021-12-18,182.9705669569821,56393839315.24814,1440763837.45392,sol
2021-12-19,179.93839883526266,55790507174.071236,1441246078.159062,sol
2021-12-20,174.371158716512,54061922630.24034,1718453799.121433,sol
2021-12-21,180.12601919521373,55570757138.288246,1539489579.1213927,sol
2021-12-22,178.57398150636655,55058052155.04185,1635078520.6954496,sol
2021-12-23,190.51215929842783,58709806077.205986,1932687191.4099677,sol
2021-12-24,190.4403687480951,58852086815.42499,1997417409.1442204,sol
2021-12-25,193.28925387578548,59797071721.913025,1257985154.9824424,sol
2021-12-26,198.19740128641655,61198787207.68108,1747475952.8078868,sol
2021-12-27,196.0391793952204,60810349839.61329,1631730024.3256166,sol
2021-12-28,178.29769922040717,55425780679.24532,2541804765.839321,sol
2021-12-29,171.27231463236643,52726687301.09404,1935535240.3698783,sol
2021-12-30,172.50889438021562,53261290659.86848,1379259729.504835,sol
2021-12-31,170.1966082645718,52907181305.50652,1380634374.4823568,sol
2022-01-01,178.88879762342907,55089640249.096664,960138212.5274444,sol
2022-01-02,176.32149989503122,54604426218.58956,846802662.8993707,sol
2022-01-03,170.57083886740085,52886550470.82176,1152100392.329671,sol
2022-01-04,168.0394848714517,52272480718.14088,1361207424.18007,sol
2022-01-05,155.71670664692078,48184360964.1156,1980976064.6564603,sol
2022-01-06,150.72362465772903,46854691785.8186,1922945442.80852,sol
2022-01-07,136.6133086353095,42610750948.59599,2713161094.7767363,sol
2022-01-08,142.37691491093904,44680435604.26222,2495097582.9222703,sol
2022-01-09,140.97069019412947,43844556062.79441,1383486991.2692618,sol
2022-01-10,135.98215275078118,42320546842.20343,1797340432.328524,sol
2022-01-11,140.2633692449685,43823867475.83328,1407732234.4002852,sol
2022-01-12,151.92225384391546,47534063482.95965,2048461630.20183,sol
2022-01-13,146.8991625118502,45924153329.20764,1972169296.5769017,sol
2022-01-14,146.31283636345285,45849250868.07178,1627092109.7732365,sol
2022-01-15,147.70351003866236,46337099650.87288,1003160676.7114656,sol
2022-01-16,147.94236767494985,46450557289.26664,1064526626.2870606,sol
2022-01-17,140.0483723855377,44032309573.9257,1342939698.2979736,sol
2022-01-18,141.634144063378,44575080930.62185,1327500384.0270393,sol
2022-01-19,135.5936205367398,42848572759.496826,1310094891.479366,sol
2022-01-20,128.56948450207307,40727678847.05303,1371674053.2248025,sol
2022-01-21,111.77542786353776,35070043876.86985,3853056390.3720913,sol
2022-01-22,94.51541078123918,29665575896.047955,4095835932.6350746,sol
2022-01-23,99.69162217459098,31290905178.53205,2611991894.5389414,sol
2022-01-24,91.91541131637004,28909954628.237045,4359827042.558423,sol
2022-01-25,95.0928286433394,30084800205.779095,2614011846.1962757,sol
2022-01-26,92.24801292004712,29243771848.310368,2847753595.488201,sol
2022-01-27,89.60158614183815,28179557560.867977,2421524797.0656857,sol
2022-01-28,91.42580267920562,28786945733.928276,1882874786.6910908,sol
2022-01-29,96.17869128153504,30216232718.877556,1478946858.3603432,sol
2022-01-30,93.4025290287978,29427732656.729218,941974724.429482,sol
2022-01-31,99.88984753621436,31354693276.844906,1715569710.5342922,sol
2022-02-01,110.12732330616494,34784263657.23243,3097993266.654722,sol
2022-02-02,101.8292164519742,31975373921.89307,2979450302.616579,sol
2022-02-03,100.87832034717168,31833368519.65007,2283972523.6144795,sol
2022-02-04,112.48079518340074,35127905584.898895,2844877285.5932903,sol
2022-02-05,114.33315412383556,36087037718.41055,2104149883.5664315,sol
2022-02-06,115.2834781341491,36521264719.12104,1281443040.602296,sol
2022-02-07,117.67187313780884,37305112916.66873,2230152722.515911,sol
2022-02-08,113.69745549618692,36125330680.249535,2354525277.711969,sol
2022-02-09,114.34358742446604,36294064610.281944,1634212051.3702943,sol
2022-02-10,106.41810262178213,33826915836.727123,1963719800.2645695,sol
2022-02-11,96.46324431285534,30597070580.09104,1738208639.1534996,sol
2022-02-12,95.70003429059712,30347618773.26294,1336515340.137724,sol
2022-02-13,93.36714504855236,29672733160.79642,910049119.235368,sol
2022-02-14,96.44224243421378,30784741416.87896,1364915626.6617208,sol
2022-02-15,104.85069673096622,33579862333.60316,1630619496.195204,sol
2022-02-16,101.95613259465958,32707737720.154152,1473078677.1202588,sol
2022-02-17,93.4045235835354,29918359231.26159,1463178693.3773675,sol
2022-02-18,90.10899056118772,28828455911.828396,1290677352.6433926,sol
2022-02-19,91.60559213966148,29209068299.47004,836883423.9090565,sol
2022-02-20,90.80316641928688,29261491189.686405,1428521632.3321967,sol
2022-02-21,83.14387140523519,26727888651.40893,2247461489.9635487,sol
2022-02-22,86.57269722666857,27744256745.686615,1577877587.2386572,sol
2022-02-23,85.26903088293193,27294663661.65063,1761310724.440881,sol
2022-02-24,89.05132726925892,28497445445.309517,4075674086.526734,sol
2022-02-25,92.73641556746163,29919961866.348053,2417499269.8008738,sol
2022-02-26,90.10798522206623,28767659413.525894,1316252928.33416,sol
2022-02-27,85.56819666616444,27360038516.30834,1559328417.4245243,sol
2022-02-28,99.57917400308274,31846087892.82589,2674553479.2180743,sol
2022-03-01,98.75845247572444,31569373571.96833,2476563020.453062,sol
2022-03-02,100.78986523175992,32379126078.839725,2951039198.751416,sol
2022-03-03,95.55882629437178,30435232238.200184,1795535826.5550518,sol
2022-03-04,88.2451628518882,28319787092.93302,2029343357.151517,sol
2022-03-05,89.78895188514215,28439402258.606415,1164108659.273321,sol
2022-03-06,84.63923583859497,26835926882.34714,1139246888.3328228,sol
2022-03-07,82.06724918865827,26300808792.830048,1884457926.903441,sol
2022-03-08,82.25360674455618,26425486647.51813,1704061421.1695168,sol
2022-03-09,88.185052838507,28509710713.35766,2082131364.035624,sol
2022-03-10,83.02500801904657,26526485356.294556,1706781764.3768432,sol
2022-03-11,80.69121367419427,26163052143.35841,1382838751.097293,sol
2022-03-12,81.60999773356421,26366084285.169167,776192786.1232313,sol
2022-03-13,78.99818199674436,25452866391.0416,949636517.694404,sol
2022-03-14,81.16870194524185,26140341333.7746,1317770720.4689145,sol
2022-03-15,82.94439063872372,26592730954.19203,1247125823.1505735,sol
2022-03-16,87.84993508447106,27984951680.550423,1872435776.0194497,sol
2022-03-17,87.96768776096062,28483849999.645226,1939375410.1723945,sol
2022-03-18,89.90595375292516,28795996368.61534,2216690010.2438216,sol
2022-03-19,92.4040853235694,29598406487.051815,1493437229.1232493,sol
2022-03-20,88.59618802144291,28394223139.824287,954767656.0285732,sol
2022-03-21,88.7701729513472,28382479439.33157,1145750669.0417037,sol
2022-03-22,90.5041358711658,29048148956.10171,1405727754.2331312,sol
2022-03-23,94.9197584526827,30612053298.879955,1433431548.5448608,sol
2022-03-24,102.1802283204168,32979523332.775997,2412096877.261528,sol
2022-03-25,98.6467426834056,31980590349.304367,1817213990.6348524,sol
2022-03-26,101.64121040495988,33176556212.500633,1009509747.372562,sol
2022-03-27,106.90984972476438,34802243172.81474,1301984880.0039115,sol
2022-03-28,106.24001892236812,34753559141.629364,2396330997.762824,sol
2022-03-29,111.7464464649466,36192035879.28324,2434694052.670127,sol
2022-03-30,120.6985421756732,39218225944.81992,3208462667.358372,sol
2022-03-31,122.76130420785864,40036171559.14788,3421557221.672948,sol
2022-04-01,134.3709278834371,43736096533.81698,3831716307.2558904,sol
2022-04-02,132.265543980239,43260457424.49813,2989201592.6587396,sol
2022-04-03,136.6745408370863,44426659281.57661,2277967480.691483,sol
2022-04-04,132.34498367671756,43072219169.516655,2483670638.13783,sol
2022-04-05,126.60568047767862,41374924383.733,2136267271.3883832,sol
2022-04-06,112.52902554657368,36929750315.179565,3198015612.875086,sol
2022-04-07,118.68839511414586,38892547341.88895,2381088467.183991,sol
2022-04-08,109.69148769667358,35663008069.967834,2314898911.4950137,sol
2022-04-09,113.00645605235756,37007525656.87938,1201163544.2593207,sol
2022-04-10,112.17415972141916,36884144376.64433,1163112953.8060896,sol
2022-04-11,99.4525253186753,32731502385.0518,2180410357.199723,sol
2022-04-12,103.5030349870942,33941121649.55018,2285179235.3492475,sol
2022-04-13,104.84447690095556,34394710741.73072,1533589774.7178605,sol
2022-04-14,100.73923844736916,33098172133.64845,1652768959.5959563,sol
2022-04-15,101.34727865599696,33734041429.04125,1039846461.4171495,sol
2022-04-16,102.31192588830538,34194983211.01313,753838887.3536072,sol
2022-04-17,100.4425980848116,33314012331.385365,1010545062.3745848,sol
2022-04-18,102.2653514381208,34026715047.300804,1645729150.719941,sol
2022-04-19,108.54104696942882,36133130809.64366,1691707373.133408,sol
2022-04-20,105.5952606987279,35158424198.86379,1664918521.578962,sol
2022-04-21,101.80288174581624,33918138036.798676,1757789782.5788083,sol
2022-04-22,100.63914018210744,33613226147.45872,1204999233.8086708,sol
2022-04-23,100.76479327231522,33668501950.9363,778991677.6991111,sol
2022-04-24,99.17128671058995,33192811336.931053,819713309.5195763,sol
2022-04-25,101.29344264300204,33812175574.169964,1553588587.2853208,sol
2022-04-26,95.71302246920416,31900244698.208424,1216992668.6442692,sol
2022-04-27,98.3678448915887,32839728894.8058,1141929423.6020868,sol
2022-04-28,98.00485093884978,32699186204.272743,1172675512.7221277,sol
2022-04-29,94.09484079716265,31459421205.330902,1226739530.418352,sol
2022-04-30,85.30298356157343,28318851858.6442,1165702569.1965828,sol
2022-05-01,89.73834617404604,30026659597.990986,1353041268.675068,sol
2022-05-02,87.6049851260926,29293697485.51745,1159472392.7641306,sol
2022-05-03,85.88113182978256,28715318659.659317,948338116.737006,sol
2022-05-04,92.82061835080546,30994771499.55642,1327465205.0892406,sol
2022-05-05,84.62182696838384,28284214619.368317,1637132124.7174425,sol
2022-05-06,81.76031251495388,27380670118.60705,1446023145.0954676,sol
2022-05-07,79.1909801214645,26603063057.69169,1090782916.94857,sol
2022-05-08,74.92241129843457,25191538889.48352,1351838825.944728,sol
2022-05-09,63.59080375212239,21563497316.93072,2515612885.9428644,sol
2022-05-10,66.73197492092409,22405510212.754276,3263209052.6573524,sol
2022-05-11,50.32055764767889,16302314327.382015,3882793179.2718263,sol
2022-05-12,44.64907159879217,15038211406.02383,3786283031.466092,sol
2022-05-13,48.604749742620285,16446880063.642277,2460641108.5750523,sol
2022-05-14,52.53693016663614,17710082184.40001,1495503985.9666162,sol
2022-05-15,58.845207179976505,19795956495.33785,1436230716.421379,sol
2022-05-16,53.64872755824407,18091955633.77028,1827404198.1845071,sol
2022-05-17,57.41976646466422,19373241293.241142,1508263415.4674506,sol
2022-05-18,49.76196637946705,16804431123.837725,1511110400.9093611,sol
2022-05-19,52.332264069475926,17743141448.602818,1653750850.1835728,sol
2022-05-20,49.58463231269403,16857955013.649868,1528688330.072058,sol
2022-05-21,50.34352259407359,17117178967.638582,834922127.3080446,sol
2022-05-22,52.767400507738245,17927983077.406696,907949758.6084307,sol
2022-05-23,49.12044024307904,16667943417.370811,1478212937.825591,sol
2022-05-24,49.636798974862586,16838184202.890331,1373294087.332745,sol
2022-05-25,48.056134850350986,16335715467.127665,1161803907.879002,sol
2022-05-26,43.546922400599904,14806873946.379969,2324631757.4733853,sol
2022-05-27,40.99753816385139,13886425335.92009,2080433059.2963016,sol
2022-05-28,44.46481243620848,15147901018.996237,1266578193.285666,sol
2022-05-29,44.92918554220565,15240706243.752537,1285770588.8691306,sol
2022-05-30,47.19388053427913,16054338780.311176,1756204402.2952044,sol
2022-05-31,45.97177874707522,15607744325.008366,1569956999.7450187,sol
2022-06-01,40.24040840767166,13719294294.809011,1528211460.429582,sol
2022-06-02,40.889861237118055,13925500009.440636,1645018556.665849,sol
2022-06-03,38.27578860880165,12945160667.449034,1353892685.3609943,sol
2022-06-04,38.97751186459448,13170913879.692818,1126087087.4100382,sol
2022-06-05,38.46322506754232,13116723564.81124,1070849320.4790896,sol
2022-06-06,42.41060097547512,14456497792.40814,2033441074.0264156,sol
2022-06-07,39.54988117863195,13508568426.03568,1810983946.8089595,sol
2022-06-08,38.84247541383652,13274452699.317907,1249666784.649294,sol
2022-06-09,39.968293957459224,13674820596.04396,1272667344.2176604,sol
2022-06-10,37.08479689474987,12668804911.432922,1271100605.4660854,sol
2022-06-11,33.807388422050096,11572660691.705263,1218255700.9094672,sol
2022-06-12,30.743227017287673,10608680978.31836,1436075943.2407134,sol
2022-06-13,28.19296638841233,9406103235.502136,2782439336.108326,sol
2022-06-14,29.71678758953202,10187884853.022083,2251274075.1695733,sol
2022-06-15,34.488080805614366,11709149277.269354,2629566358.3757453,sol
2022-06-16,30.07068349379034,10245461840.006529,1921578627.3777452,sol
2022-06-17,30.872720498925386,10611942137.884016,1356441011.606505,sol
2022-06-18,31.81920871210764,10801954806.837732,1985976665.150944,sol
2022-06-19,34.19205503380821,11668548379.070122,2107037437.9519136,sol
2022-06-20,35.469042360178356,12160553284.461643,2113624516.41859,sol
2022-06-21,36.13937945011591,12360022351.807024,1722909851.6266644,sol
2022-06-22,34.23012589505999,11762783422.768148,1510462542.9317844,sol
2022-06-23,38.21182318782288,13147607750.937174,1701452303.388661,sol
2022-06-24,42.477220280035226,14600518798.303469,1721984760.7703247,sol
2022-06-25,42.386373142046885,14506227735.872711,1289448179.9335928,sol
2022-06-26,39.49844176228291,13523527664.973291,1153549984.9586856,sol
2022-06-27,38.50106935796682,13201680175.256578,1122612570.61606,sol
2022-06-28,35.326033591585926,12087889411.018717,1243120766.4066389,sol
2022-06-29,33.91501146159494,11618504834.1876,1300629589.734408,sol
2022-06-30,33.31459552878431,11335169279.75531,1194361731.4780726,sol
2022-07-01,33.03847781026744,11439454289.183851,1323586234.6518767,sol
2022-07-02,33.42207503046209,11471587893.148573,649702017.3097271,sol
2022-07-03,33.44782701859301,11480814253.62638,567550823.1229583,sol
2022-07-04,36.77949394045729,12596079600.052696,986918298.1842804,sol
2022-07-05,35.32196887460825,12138245305.30001,1434571719.0946405,sol
2022-07-06,37.09265792987144,12734796275.5487,1290650060.4876883,sol
2022-07-07,38.546664352464504,13277309359.948145,1133093192.2844696,sol
2022-07-08,38.594429443195615,13380490031.557814,1426352674.1079457,sol
2022-07-09,38.06013313228005,13134459003.717669,623415737.825602,sol
2022-07-10,36.72673590110457,12680872339.650648,648503659.1497688,sol
2022-07-11,33.50915025006571,11600411536.227009,789921907.7126,sol
2022-07-12,32.81893154431144,11406193662.951624,821873017.4891754,sol
2022-07-13,34.94649867641145,12072416721.326193,1220534706.7691572,sol
2022-07-14,37.17597728466076,12850093050.016483,1328292764.1162877,sol
2022-07-15,37.44045111321192,12938130582.027664,1325304479.5640984,sol
2022-07-16,39.60146830743091,13666217564.389095,1064139738.9007052,sol
2022-07-17,38.62422664809307,13432332940.686584,1087710892.947254,sol
2022-07-18,43.68127821391667,14864108116.482191,1523091935.5722816,sol
2022-07-19,44.92662577061741,15517487195.9682,2407640203.1217437,sol
2022-07-20,42.19129439126226,14654904729.64616,2006723913.839469,sol
2022-07-21,43.18589352726285,14946518783.24268,1862704596.082017,sol
2022-07-22,40.57509235571396,14004906061.876736,1394893424.65535,sol
2022-07-23,40.12586568362252,13860175820.994202,992235932.5388896,sol
2022-07-24,40.98522629187172,14275526154.880024,868436701.4011792,sol
2022-07-25,36.70021199705349,12694337922.664097,1165279221.010389,sol
2022-07-26,36.2281816493087,12538834971.994652,1096644463.4554398,sol
2022-07-27,40.29544931385727,14009415149.226557,1502670727.8285682,sol
2022-07-28,42.8312127663816,14829428736.730556,1933182890.1452448,sol
2022-07-29,42.13988872458668,14752480667.049614,1636823549.5577118,sol
2022-07-30,43.80347390626749,15135249027.917732,1727836476.8308892,sol
2022-07-31,42.48000309195332,14746724189.24462,1063136070.9609044,sol
2022-08-01,41.70142770548663,14458934769.72863,992134330.4912796,sol
2022-08-02,40.21202813817764,14143900211.320498,1118387777.702856,sol
2022-08-03,38.63406307487365,13359558185.807447,2172402130.6817017,sol
2022-08-04,38.94463727964988,13471456881.53044,1243098510.5788703,sol
2022-08-05,40.496917469507096,13995005582.457253,1158100840.781711,sol
2022-08-06,40.17551021431985,13910405478.086643,656059617.1933181,sol
2022-08-07,40.646219845232366,14115646955.218586,582195944.9537838,sol
2022-08-08,42.156823142394586,14696098301.05854,1163065597.417138,sol
2022-08-09,40.49015736455393,14091576296.766705,874683627.6302427,sol
2022-08-10,42.295780396654315,14682953331.34928,1417788636.165627,sol
2022-08-11,42.75287041576665,14901555484.077663,1782051840.4220102,sol
2022-08-12,45.34052505434913,15769739253.564829,1081174401.4710395,sol
2022-08-13,46.62762818566225,16242663928.464354,1223890252.0075288,sol
2022-08-14,44.97769928373126,15707019257.476543,1000632052.6130948,sol
2022-08-15,43.902581229420576,15322661204.914495,1018586521.1311352,sol
2022-08-16,43.25208387360771,15065562430.299423,1075537996.038997,sol
2022-08-17,40.5562855378095,14161164134.098574,1249877706.4194226,sol
2022-08-18,39.618894866249,13863255686.50742,824971812.0861026,sol
2022-08-19,35.98979542858258,12530469534.206604,1786764403.0995638,sol
2022-08-20,35.23183017005089,12256688441.221128,1200537393.533252,sol
2022-08-21,36.53272408478192,12815310875.36842,991224706.6295438,sol
2022-08-22,35.48979518227352,12352579320.923264,1122987607.7129617,sol
2022-08-23,35.705064719424506,12481061524.742058,827899999.1174744,sol
2022-08-24,34.98161284031775,12227264266.325634,908130561.79342,sol
2022-08-25,35.34736653928148,12346020470.353111,656358314.0354196,sol
2022-08-26,31.78642232940313,11046201721.516457,1248900621.3673773,sol
2022-08-27,31.639231915430067,11052608204.778694,698084660.9387999,sol
2022-08-28,30.630708245633155,10721767532.443155,505611658.52911663,sol
2022-08-29,32.4676226051912,11387115687.58702,829387148.7218318,sol
2022-08-30,31.46046207025344,11032381033.17492,846296043.2180582,sol
2022-08-31,31.453501865317023,10982002954.905945,710498153.0277057,sol
2022-09-01,31.62752044554708,11037789630.859673,654715113.9384351,sol
2022-09-02,31.196467701402543,10904364506.21477,627140311.5505403,sol
2022-09-03,31.076260104837697,10881773797.626608,287508158.29383236,sol
2022-09-04,32.14492440492364,11245569490.176376,370560789.6642585,sol
2022-09-05,32.21580982933859,11264121877.829931,511686055.7599968,sol
2022-09-06,30.932571057846985,10834953198.21636,1208999754.4365814,sol
2022-09-07,32.75240078147267,11595827258.284113,796019432.9809626,sol
2022-09-08,33.60651304711081,11847628650.711002,927246036.3578212,sol
2022-09-09,34.707446929384965,12244442276.894312,1098697449.024227,sol
2022-09-10,35.15110408808845,12419481830.60969,675183558.1129656,sol
2022-09-11,34.90471667494537,12331013775.49605,712287831.9646752,sol
2022-09-12,37.344616214599014,13183798412.03856,1608877258.549003,sol
2022-09-13,33.05973266575832,11697896819.864317,1685408590.3072696,sol
2022-09-14,34.071010519185705,12027439275.115051,938917179.6482323,sol
2022-09-15,33.064248381166855,11742374385.911652,1035640342.72632,sol
2022-09-16,32.18223307870709,11380713338.498137,728064867.9128903,sol
2022-09-17,33.76184563714559,11970489829.73424,477780407.4338617,sol
2022-09-18,31.08875046830983,11014413847.322668,652419202.8586738,sol
2022-09-19,32.71343099163381,11598805636.589422,963739018.810559,sol
2022-09-20,31.405493503670975,11136148382.136087,798987431.1913335,sol
2022-09-21,30.825149460297027,10920166914.722515,1180925645.8909633,sol
2022-09-22,32.46791740152261,11489637349.237127,833383661.5669668,sol
2022-09-23,33.71195119466151,11974606498.90307,969718528.5144932,sol
2022-09-24,33.5038789488122,11877506512.459017,821677077.6160394,sol
2022-09-25,32.32786924066603,11474712536.430689,576312106.3719692,sol
2022-09-26,33.85239531271168,11924970586.09745,908933850.0448052,sol
2022-09-27,32.76612155979491,11669868172.591717,1221276543.7791965,sol
2022-09-28,33.303299964397056,11817378025.545616,958564795.8003092,sol
2022-09-29,33.93599567295436,12066578261.8937,949323509.3667252,sol
2022-09-30,33.24966351604033,11808862837.8495,1166717015.8559887,sol
2022-10-01,32.45579081734204,11538414123.40477,475812174.3197378,sol
2022-10-02,32.09702548893108,11395149007.96318,518124769.2139249,sol
2022-10-03,32.9839333048039,11735344819.59952,621968801.9772867,sol
2022-10-04,34.12979146381925,12125352215.94055,692957762.0497013,sol
2022-10-05,34.09322257643218,12104501989.14961,641193220.7004185,sol
2022-10-06,33.33775389191098,11847564337.73259,670556864.3795924,sol
2022-10-07,32.91839237624644,11692923622.972769,672974282.6869308,sol
2022-10-08,32.60000089346164,11634868896.090431,351714131.76632375,sol
2022-10-09,32.90519327468117,11733010112.995802,394694049.41824853,sol
2022-10-10,31.96971297778321,11448167353.522726,630989029.3279732,sol
2022-10-11,30.78828821701152,10986691633.704073,720050451.2850903,sol
2022-10-12,31.141224150324152,11138186203.67174,481852424.7749899,sol
2022-10-13,30.58269363666032,10936034776.859634,1268002433.7508016,sol
2022-10-14,30.03589921524538,10723795928.143965,800163982.9576544,sol
2022-10-15,29.57674364236317,10608095633.113876,545155338.8042386,sol
2022-10-16,30.166911022944717,10784111501.178593,598450021.1571373,sol
2022-10-17,31.244752367609617,11181494599.052498,643752962.6927968,sol
2022-10-18,30.20117255023985,10820701606.868002,685750091.5759565,sol
2022-10-19,28.896837887443453,10362112405.2089,721536356.0827088,sol
2022-10-20,28.066217683059563,10052442946.746214,853073860.6320565,sol
2022-10-21,28.106224235014817,10070949099.133057,1004074184.5998532,sol
2022-10-22,28.023343879724933,10044295675.710756,488911345.3582951,sol
2022-10-23,29.236688692602588,10480620512.612083,670006995.1267443,sol
2022-10-24,28.27000912814364,10121680743.469507,739684192.5144422,sol
2022-10-25,30.94126246793174,11077575224.18006,1346256624.9263418,sol
2022-10-26,31.282585848386,11203611590.840311,1240751124.7860923,sol
2022-10-27,30.645340017734377,11016715358.289034,1179536961.8589184,sol
2022-10-28,32.11387302905561,11523992959.017834,1011210916.4982288,sol
2022-10-29,32.83944699956292,11775325291.527168,1095984786.7033808,sol
2022-10-30,32.90718815746148,11772898715.527395,704167456.2532895,sol
2022-10-31,32.601269385086546,11727290548.409676,1142703750.6176102,sol
2022-11-01,32.241011165572196,11588937673.913485,1299519862.8820033,sol
2022-11-02,30.788368557204965,11076265328.769896,1780701025.102764,sol
2022-11-03,30.826600438059216,11061246430.431095,1419473857.644456,sol
2022-11-04,33.78843206020886,12137630163.181671,2002856945.8223312,sol
2022-11-05,36.718402105659706,13202283372.1165,3501844329.574087,sol
2022-11-06,32.77319825330046,11783689545.401735,2458440631.199437,sol
2022-11-07,29.549317195242185,10655109386.652067,3400112554.363026,sol
2022-11-08,24.228110657252586,8815290464.791733,5868071366.150859,sol
2022-11-09,14.004070064665834,5120135551.789889,4375833758.9428425,sol
2022-11-10,17.835598021542133,6419997387.603283,4179359302.113928,sol
2022-11-11,16.62539193943823,5963504846.885816,2174804309.6338873,sol
2022-11-12,14.705480178123391,5331217054.927404,770041818.9233199,sol
2022-11-13,13.252557222481084,4816392214.34615,782848284.1010079,sol
2022-11-14,14.096615435025512,5121041157.026807,1300493081.0801651,sol
2022-11-15,14.35523917546698,5205583202.097879,811376855.5993807,sol
2022-11-16,14.355619333262617,5186877452.360098,478085250.6656857,sol
2022-11-17,13.6648684030464,4954608939.395693,651561392.8174475,sol
2022-11-18,13.297631137033257,4831754494.869416,343052461.91756934,sol
2022-11-19,12.884681620446196,4683383043.293358,300941946.44072694,sol
2022-11-20,12.34545378191367,4470695233.321518,487321298.8382488,sol
2022-11-21,11.9181341004265,4319145655.912079,484804704.0939548,sol
2022-11-22,12.43518958219904,4530165523.577384,523436176.5272795,sol
2022-11-23,14.41547582162108,5242384046.294304,846044003.9379725,sol
2022-11-24,14.592503903295016,5295975306.296668,618848577.7768759,sol
2022-11-25,14.075605372227663,5120779702.054626,360308376.5548973,sol
2022-11-26,14.165189223351776,5142450538.968229,375214637.0139425,sol
2022-11-27,14.106428306970509,5138320693.997138,255763021.75767612,sol
2022-11-28,13.343102977299331,4848821246.040962,503946286.2775735,sol
2022-11-29,13.374085329507322,4865903266.783448,298911192.2227095,sol
2022-11-30,14.147104839194206,5160133742.783542,302419321.5309636,sol
2022-12-01,13.509181414049966,4905910344.469534,268679954.05166477,sol
2022-12-02,13.765463207102767,5000690502.576446,285026800.2964149,sol
2022-12-03,13.334397065233697,4863696934.396812,197683828.19471985,sol
2022-12-04,13.77680995818705,5008063958.883705,173958273.40331942,sol
2022-12-05,13.873608444994208,5053925412.5079,383499016.80148494,sol
2022-12-06,14.297707876898496,5195420302.808301,333400205.3605979,sol
2022-12-07,13.536826034301908,4939250221.600364,272839148.557638,sol
2022-12-08,13.693154351693549,5016573038.668547,236384884.0596055,sol
2022-12-09,13.612942245486757,4985978110.515763,257533932.18985865,sol
2022-12-10,13.585881060448472,4967608679.209892,123957064.3412863,sol
2022-12-11,13.43947528747435,4920995808.77367,132233094.81496388,sol
2022-12-12,13.323956780887803,4889774456.9624195,250950456.28681812,sol
2022-12-13,13.828059313467737,5067860068.029484,388863061.30960846,sol
2022-12-14,14.149132608950133,5187094164.825271,531056515.2151283,sol
2022-12-15,13.99445500184834,5134598270.270708,320493477.5260672,sol
2022-12-16,12.272262832879411,4487828854.561585,416039758.06094825,sol
2022-12-17,12.525815065018056,4589791879.193693,277076734.499642,sol
2022-12-18,12.416580463138258,4577684410.907368,127947867.99234845,sol
2022-12-19,11.935662354331416,4386451838.861884,240138137.94819236,sol
2022-12-20,12.280549822837152,4505699073.905926,203088901.02443212,sol
2022-12-21,12.119428779139206,4442285590.081545,189500696.85764608,sol
2022-12-22,11.794712289114807,4304981639.738414,205996063.5882995,sol
2022-12-23,11.800554937016996,4327532615.708606,177437763.39524356,sol
2022-12-24,11.470319693968513,4207271979.819264,226479857.46658057,sol
2022-12-25,11.400966653702737,4185139946.6090064,112713128.3584248,sol
2022-12-26,11.301306466517868,4147178331.1958785,151024935.72843203,sol
2022-12-27,11.080348903525168,4063717880.57174,260619507.5239311,sol
2022-12-28,9.770824845767208,3585609635.8001738,524688006.4445435,sol
2022-12-29,9.59779522044854,3537484124.794323,838317810.1546487,sol
2022-12-30,9.888231243760044,3630516626.225645,996392621.605559,sol
2022-12-31,9.961462943297745,3663707629.8526206,328903351.52016157,sol
2023-01-01,9.973949402565085,3670345897.629763,220369604.52709436,sol
2023-01-02,11.266377430112357,4150541190.495974,612350127.506016,sol
2023-01-03,13.35539239265287,4897985570.664733,1332758654.0819988,sol
2023-01-04,13.456292702243212,4953205509.879085,1282105634.6437464,sol
2023-01-05,13.4384801751579,4943576397.427822,597269711.7742606,sol
2023-01-06,13.52449342211224,4984816083.874325,488298544.71331793,sol
2023-01-07,13.088904148424348,4837378850.913317,206848508.91488263,sol
2023-01-08,14.366071146091024,5151917607.84378,641916931.2187709,sol
2023-01-09,16.302299779948743,6031956017.044448,1889438468.2886295,sol
2023-01-10,16.203193608411635,6001548952.666129,854036815.4897147,sol
2023-01-11,16.463404027248835,6106281178.181655,749738092.7270372,sol
2023-01-12,16.615747688335087,6160624328.048672,948123277.608364,sol
2023-01-13,18.279734593696567,6767551967.350333,1221076768.198037,sol
2023-01-14,24.302862020252288,9066218089.522646,4130184710.826154,sol
2023-01-15,22.837523286781188,8465167529.981883,1967106481.943411,sol
2023-01-16,23.58595194500377,8762954564.82465,1775938541.45958,sol
2023-01-17,22.88158744195828,8525510205.462621,1033549762.1336452,sol
2023-01-18,20.85763434507722,7710048711.615839,1543991743.304109,sol
2023-01-19,21.41456003084829,7934995923.191625,898504341.2684329,sol
2023-01-20,25.575834872318875,9489394201.957804,1527407710.515736,sol
2023-01-21,24.66528659481628,9143727538.633389,2096626033.2535577,sol
2023-01-22,24.271834895555187,9004757973.453108,970991825.3141448,sol
2023-01-23,24.42662802224712,9057978593.358006,917151760.5324672,sol
2023-01-24,22.789340075999178,8470454667.826592,855305584.5316638,sol
2023-01-25,24.66040314512689,9151912233.305304,1389562422.6066904,sol
2023-01-26,24.36322901881959,9052529628.29716,811737989.6856995,sol
2023-01-27,24.413747574727985,9066608034.902922,702646248.4944212,sol
2023-01-28,23.986175814200923,8888774937.513983,522601581.6915137,sol
2023-01-29,26.177676356517782,9723380871.434278,1086841729.8600228,sol
2023-01-30,23.963335339722715,8894199458.02625,1111636437.09002,sol
2023-01-31,23.961391317370342,8896873315.819334,636667495.0187764,sol
2023-02-01,24.983305840269857,9295594682.001568,1017077833.8746504,sol
2023-02-02,24.31948995599126,9062290851.69266,1066576080.9274372,sol
2023-02-03,24.68649699930336,9209669774.762846,781139212.0640733,sol
2023-02-04,24.35202066343691,9084646376.720589,350243684.4482565,sol
2023-02-05,23.513631913468004,8775453234.400503,638580954.9262303,sol
2023-02-06,22.716952472159907,8463616399.329708,463322357.86849886,sol
2023-02-07,23.90420986102095,8928209652.21195,707393494.1668731,sol
2023-02-08,23.20655514024452,8681217220.957706,581769819.4598817,sol
2023-02-09,20.437682981228345,7674814944.971446,808728417.656008,sol
2023-02-10,20.123843926968277,7582538971.715706,684166038.4850869,sol
2023-02-11,20.84493733301781,7825374946.872857,278031093.4530366,sol
2023-02-12,21.44076791086341,8057257217.572684,544548720.7939905,sol
2023-02-13,20.784744709901553,7804126001.846962,723121577.9813033,sol
2023-02-14,21.84521831785152,8222948441.256965,850945955.5827794,sol
2023-02-15,23.889195936602945,8975776575.30878,831022310.6845816,sol
2023-02-16,22.34460084623935,8400837292.390615,956362734.2974708,sol
2023-02-17,23.193970760954844,8757810457.777061,666303722.2640171,sol
2023-02-18,23.45134176118436,8864240990.711231,411412105.6730705,sol
2023-02-19,24.810534025961243,9416249238.487823,1082089933.532258,sol
2023-02-20,26.03500765229307,9849428455.392427,1528181094.5658994,sol
2023-02-21,24.92100975933338,9410006572.060623,971104096.0161644,sol
2023-02-22,24.17008033584799,9148040150.61283,1006550896.1129414,sol
2023-02-23,23.92438702728231,9024298203.902431,617535605.1973163,sol
2023-02-24,23.05835270436486,8723841537.761139,649161438.3791043,sol
2023-02-25,22.410354409005556,8461125692.332631,582781483.0965183,sol
2023-02-26,23.2309130687567,8789815699.846401,447765032.4162541,sol
2023-02-27,22.693578143913324,8589782940.913688,515693154.2203986,sol
2023-02-28,21.915750684020768,8278729498.564519,353854572.7492246,sol
2023-03-01,22.505797650327754,8530663779.645123,368841392.1394841,sol
2023-03-02,21.97401655702821,8328272221.796302,331963626.27965164,sol
2023-03-03,21.406769225209032,8106249844.5340605,498070582.62262857,sol
2023-03-04,20.9555346664232,7946564768.282082,254558509.36512625,sol
2023-03-05,21.002570684743905,8013062334.5354595,269435912.69715065,sol
2023-03-06,20.630964332653576,7891217439.147805,325982714.8101539,sol
2023-03-07,20.272742155068944,7742957402.802464,397969144.7396385,sol
2023-03-08,18.427916426509864,7066726944.332695,654065004.8333755,sol
2023-03-09,17.333062116446644,6615095595.2118635,817533089.0492163,sol
2023-03-10,18.212698187615544,7004462520.100822,988470037.0370774,sol
2023-03-11,18.068481612784193,6928931920.550202,671121164.8535483,sol
2023-03-12,20.33815687662464,7755318676.394037,766795515.8276222,sol
2023-03-13,20.37708065182474,7821977632.749297,1115385621.1475737,sol
2023-03-14,20.979934755407683,8029661085.939712,1216812986.3855429,sol
2023-03-15,19.336400031117087,7414057337.321378,891834503.6819715,sol
2023-03-16,19.83281185840033,7607669118.344841,505612446.9622918,sol
2023-03-17,21.644627640065497,8298944866.274058,746567229.3004439,sol
2023-03-18,21.3174625685989,8167246753.172318,984171481.07422,sol
2023-03-19,22.022111232219224,8495353255.962753,671444269.1507742,sol
2023-03-20,22.32202408394599,8570996250.733115,1214980639.4615438,sol
2023-03-21,22.74020634944038,8718952337.679441,725964027.5931699,sol
2023-03-22,21.578068068860432,8277163932.31642,914736382.9514166,sol
2023-03-23,22.306155317676,8543484776.055639,538469214.2199258,sol
2023-03-24,20.77377095038958,7977960408.113832,635693408.6530313,sol
2023-03-25,20.593698856407208,7901578024.349372,387073479.37430376,sol
2023-03-26,20.982289382374265,8079229951.395789,326327791.34329385,sol
2023-03-27,19.9575402149083,7655291926.183579,406232834.8456671,sol
2023-03-28,20.499340517704876,7878765558.475472,400868517.6234316,sol
2023-03-29,21.13233391276909,8122141676.472303,422168351.8303799,sol
2023-03-30,20.574404775975303,7919320174.471215,532520991.0410864,sol
2023-03-31,21.205401851519337,8194996259.08917,415947399.7233951,sol
2023-04-01,21.083500216310668,8133720019.793032,251948585.428472,sol
2023-04-02,20.565439368841066,7929638196.330592,250939723.33480495,sol
2023-04-03,20.436690295056867,7900168640.993755,529752910.7331683,sol
2023-04-04,20.92110064061127,8093519489.19683,348472966.7851743,sol
2023-04-05,20.982374355205103,8139780743.430709,361878192.5535392,sol
2023-04-06,20.609002527101183,7980951367.926036,271953094.7888084,sol
2023-04-07,20.4837853004106,7945861961.167704,208769926.082166,sol
2023-04-08,20.042581304598304,7779827678.559762,229345793.28866065,sol
2023-04-09,20.30433669084828,7886462397.659908,195652671.40967616,sol
2023-04-10,20.875123146348265,8111384994.393847,243051082.7697442,sol
2023-04-11,23.005654690114103,9019417673.037657,1081779112.3649075,sol
2023-04-12,23.830532666421693,9350156509.874369,1370531367.9251795,sol
2023-04-13,24.42771024521707,9566762973.066216,666066820.0916648,sol
2023-04-14,24.77371399717611,9705804479.0832,825834920.5602269,sol
2023-04-15,24.076086968961334,9451805831.229778,387945854.00479144,sol
2023-04-16,25.295764682293623,9920073717.128748,514890126.18420947,sol
2023-04-17,24.582472271741043,9623598168.573132,910595768.7039962,sol
2023-04-18,24.828831956308186,9739599132.263355,558944406.0314553,sol
2023-04-19,22.66921834829298,8903451124.568312,974039298.9106188,sol
2023-04-20,22.17878507364592,8697671636.546442,712597030.0493151,sol
2023-04-21,21.256329975789992,8333890309.334352,527655622.1631929,sol
2023-04-22,21.85149833032492,8584446324.231401,249197740.8361164,sol
2023-04-23,21.49927294670662,8420199212.273126,348355516.8754679,sol
2023-04-24,21.38812362334193,8399117356.571699,401676853.0626663,sol
2023-04-25,21.93961247225034,8617142936.350363,409777211.6820076,sol
2023-04-26,21.25624752923348,8354008434.670635,778775424.108569,sol
2023-04-27,22.337864023679735,8756193576.97448,588617917.5009629,sol
2023-04-28,23.37481818901612,9208471390.321592,571324657.1728787,sol
2023-04-29,23.12840167422879,9092156212.487629,419332790.79053307,sol
2023-04-30,22.998321615708303,9057154980.365274,425241774.7039137,sol
2023-05-01,22.00748575266789,8651811979.929995,505839771.41452694,sol
2023-05-02,22.262824662378534,8773546966.16016,326717891.1492143,sol
2023-05-03,22.21964186016809,8762010269.84146,493483012.2385331,sol
2023-05-04,21.741800973800856,8571042186.731829,330851121.9196332,sol
2023-05-05,22.81860623219127,8999007584.2166,495492869.2605281,sol
2023-05-06,21.98670640634124,8661587000.942377,387964991.34185696,sol
2023-05-07,22.002452285817817,8705466133.769728,341580978.5898679,sol
2023-05-08,20.65668464098513,8146997991.830378,647060628.2950592,sol
2023-05-09,20.656981167558687,8164794903.556,318980320.96681505,sol
2023-05-10,20.975704627626367,8287539919.545623,525984506.46583825,sol
2023-05-11,20.25440267119237,8015037356.982577,428549097.3925601,sol
2023-05-12,20.920162303818756,8274505085.732654,397702422.40830547,sol
2023-05-13,20.899582667518416,8297710532.113992,252119905.38455608,sol
2023-05-14,20.936961536705592,8280978190.929416,211874592.44175723,sol
2023-05-15,21.037748291765592,8316882669.84985,339745928.0609949,sol
2023-05-16,20.68621271782943,8187913902.158279,338232379.0015512,sol
2023-05-17,21.058205359893172,8341868800.046011,332798485.4910487,sol
2023-05-18,20.34519578780548,8061536789.167275,325479692.16594124,sol
2023-05-19,20.351526847180452,8059779103.665763,159063269.00987265,sol
2023-05-20,20.269684813481778,8022997471.517465,129666227.92747962,sol
2023-05-21,19.630800782887565,7783712425.51017,236865558.0071539,sol
2023-05-22,19.558762789709252,7749799385.59985,245317080.64974216,sol
2023-05-23,20.04690938871374,7940043369.313906,293341170.1322027,sol
2023-05-24,19.214323127332815,7619548993.269599,317110913.7217349,sol
2023-05-25,19.25614469626469,7626215765.408768,231050352.92165512,sol
2023-05-26,19.36699951306376,7676617783.5293455,181186113.21084023,sol
2023-05-27,20.405231600621736,8089935112.023952,209249088.6518294,sol
2023-05-28,20.815122816700484,8259241871.664162,319936574.8104172,sol
2023-05-29,20.57365784393182,8162528825.077333,263476675.879753,sol
2023-05-30,21.24838739611184,8420948536.256156,390015607.56853145,sol
2023-05-31,20.82042686685682,8253719265.038129,264038937.441645,sol
2023-06-01,20.51288856056659,8135209555.988281,229620968.9783873,sol
2023-06-02,21.257126169627412,8440560224.313393,262878676.0490332,sol
2023-06-03,21.14820626773287,8395562285.774495,159566542.16562247,sol
2023-06-04,21.869750120036684,8705745044.414808,372653389.2570282,sol
2023-06-05,20.082497255511015,7993273614.350522,663116037.0576035,sol
2023-06-06,20.399316366367188,8102758544.84506,490820421.9838053,sol
2023-06-07,18.64940911323256,7429398031.748883,412771478.26392466,sol
2023-06-08,18.91886786249937,7533243369.330318,295929574.27186555,sol
2023-06-09,17.319852048307002,6890419608.144915,511958399.0593869,sol
2023-06-10,15.712291030595962,6262620811.883113,1409006890.3433423,sol
2023-06-11,15.552165715300829,6191248338.350977,495437298.97303975,sol
2023-06-12,15.219121441698295,6067764743.466437,431328719.29389066,sol
2023-06-13,14.996084137168715,5975770710.188687,403335227.95252687,sol
2023-06-14,14.511891316589251,5789069977.260347,327310831.82671124,sol
2023-06-15,14.741774826096671,5880524857.505803,371929576.69780713,sol
2023-06-16,15.305652843805758,6109552126.06054,256057658.1759769,sol
2023-06-17,15.626354272653252,6246219926.833057,218008809.31199145,sol
2023-06-18,15.434485233897272,6170109454.954071,155673889.3726953,sol
2023-06-19,16.038762253116875,6382655003.177078,150009939.35791972,sol
2023-06-20,16.625143403026637,6629964493.675703,248748774.3427503,sol
2023-06-21,17.263202092310653,6903161332.170283,315268431.8778776,sol
2023-06-22,16.645392580230443,6663990154.562925,295506781.44293725,sol
2023-06-23,17.100927585909893,6825331675.927217,328345333.92381984,sol
2023-06-24,16.63062758389679,6642182122.570187,235858972.6096832,sol
2023-06-25,16.96011970924781,6785842637.336145,212892011.92185184,sol
2023-06-26,16.284012804480415,6497000673.693492,246629750.07322228,sol
2023-06-27,16.60408750457774,6626087422.922995,232332350.0357121,sol
2023-06-28,15.996424735598712,6403600623.488655,301702745.20938724,sol
2023-06-29,17.998439800632905,7187331652.66652,635900925.9452425,sol
2023-06-30,18.93035984897103,7567998783.5705805,828667787.0041169,sol
2023-07-01,18.612769704794168,7437496981.577963,280718699.5696731,sol
2023-07-02,19.44673332510388,7792444090.125792,474851803.7888158,sol
2023-07-03,19.20521438307814,7700930946.150432,280766166.6517864,sol
2023-07-04,19.218958872995294,7724902370.005767,303069428.56264853,sol
2023-07-05,18.972151107472232,7619692719.675487,234904855.4249562,sol
2023-07-06,19.919047781939852,8013479115.45537,849101386.5457045,sol
2023-07-07,21.43877643006556,8609626131.887451,827536919.6324662,sol
2023-07-08,21.896701111607182,8804631486.280863,596483861.204096,sol
2023-07-09,21.35139737647799,8595004420.8743,364524219.7872349,sol
2023-07-10,21.302647128052204,8559664093.103448,508301719.13718027,sol
2023-07-11,22.06823398993473,8875741131.46763,431275744.9396116,sol
2023-07-12,21.997627799970363,8862665910.429438,553660968.112081,sol
2023-07-13,25.990368470421153,10410892785.973965,1191586017.5250535,sol
2023-07-14,26.70837143445151,10743046575.077663,2112669368.826929,sol
2023-07-15,27.351375942539025,11015911503.065817,1182553641.312105,sol
2023-07-16,27.365079998210923,11002094754.605814,747993415.8682022,sol
2023-07-17,26.861798043195297,10816613437.044512,1008258072.1988822,sol
2023-07-18,25.526176388954617,10269805534.152489,690701365.242011,sol
2023-07-19,26.353311684653363,10633423774.84343,591575595.4536291,sol
2023-07-20,25.3350693194684,10227156125.30492,586428471.61985,sol
2023-07-21,25.58950999514426,10346698670.50916,426785949.9273866,sol
2023-07-22,24.45678468463933,9872947825.241152,325886121.21608216,sol
2023-07-23,24.773703505475776,10018814299.162062,345569811.4364157,sol
2023-07-24,23.422633571179617,9455689036.354588,517091585.3710577,sol
2023-07-25,23.267716629540782,9395875459.49248,362056307.62913954,sol
2023-07-26,25.1519878372353,10171319431.282724,682755887.4427278,sol
2023-07-27,25.09348805367939,10151894149.311943,493788462.55482113,sol
2023-07-28,24.825803970620775,10051629238.612888,354454914.9621894,sol
2023-07-29,25.16504796989767,10178962394.375273,266002736.55053675,sol
2023-07-30,24.266784359176683,9816173591.432625,354202895.00340414,sol
2023-07-31,23.75665877952372,9604285334.638874,401006374.0008301,sol
2023-08-01,23.92554655853081,9663629338.746136,433930052.9370583,sol
2023-08-02,23.134812664080517,9376125922.1032,426945357.6898426,sol
2023-08-03,22.654451935469393,9178003135.366844,375514604.6347747,sol
2023-08-04,22.809920321126334,9237548520.05844,387384158.1790491,sol
2023-08-05,22.62509186558245,9155491618.929426,256370671.0600972,sol
2023-08-06,23.16031151415157,9384285772.437752,338171013.5108157,sol
2023-08-07,23.05200017950495,9344630841.913843,386012925.76220214,sol
2023-08-08,24.203816824917432,9819635413.27439,561549883.4110975,sol
2023-08-09,24.384610250755937,9894698836.091352,458039680.4874088,sol
2023-08-10,24.61887321060917,9982518848.598185,352124557.44548595,sol
2023-08-11,24.57980986376842,9969763672.692484,337807060.84393805,sol
2023-08-12,24.891819066984105,10095650763.649357,277306903.1224978,sol
2023-08-13,24.22329400790152,9839554742.689486,278182091.4448637,sol
2023-08-14,25.14772487652887,10211324982.836502,388025853.4511116,sol
2023-08-15,23.875641318375827,9697572470.820597,452521516.469082,sol
2023-08-16,22.84636770028587,9300306072.046394,495294920.8187228,sol
2023-08-17,21.646961802699884,8833375790.376423,656412528.1823697,sol
2023-08-18,21.330196240480664,8681695608.57574,412220153.69078887,sol
2023-08-19,21.878330239316607,8915137095.359207,254181454.34625465,sol
2023-08-20,21.747537100837743,8865949897.077328,199999876.1522168,sol
2023-08-21,21.20210914644501,8654520275.407608,350405754.29350466,sol
2023-08-22,20.55389205635584,8370856986.385249,424951194.90933454,sol
2023-08-23,21.672558527450196,8838275066.484407,427963737.73245025,sol
2023-08-24,21.02615201908747,8571674305.076569,333451385.7319252,sol
2023-08-25,20.392834533596297,8310249527.262404,282555497.36793965,sol
2023-08-26,20.27381527104058,8261560411.31751,152284092.6245007,sol
2023-08-27,20.781187138711672,8479951511.884242,188402423.45091224,sol
2023-08-28,20.56254013757535,8388087449.848007,220500272.41120887,sol
2023-08-29,21.756889820182593,8863938813.844702,532103194.01834327,sol
2023-08-30,20.840938892992455,8515043630.644387,325877638.4482804,sol
2023-08-31,19.73118602186944,8053897659.792566,400346096.9059848,sol
2023-09-01,19.339387541129707,7901833889.253324,315356701.07955533,sol
2023-09-02,19.46854293968664,7955183284.391823,211960136.35665137,sol
2023-09-03,19.57639006334943,8013423697.401464,180893228.87571305,sol
2023-09-04,19.49190582823515,7962785355.880494,252214726.68620983,sol
2023-09-05,20.270462383722805,8282664538.733198,411485050.0616829,sol
2023-09-06,19.625034431663497,8025176936.509907,337212061.34614104,sol
2023-09-07,19.887886504760793,8138224259.182586,268560276.5563723,sol
2023-09-08,19.59598499714458,8024651915.709034,241627736.94050872,sol
2023-09-09,19.440479779530477,7988672928.157753,113878317.5432121,sol
2023-09-10,18.241559982955604,7496074227.315406,555163596.9224107,sol
2023-09-11,17.705129864271623,7268358215.03846,400434707.3776181,sol
2023-09-12,17.94444618355289,7368626584.271517,389593246.32070786,sol
2023-09-13,18.403573351427394,7551673475.282736,390062108.0243038,sol
2023-09-14,18.829900592345915,7743475445.815018,369004294.7870687,sol
2023-09-15,19.17312182700796,7883263120.700344,220573537.50007787,sol
2023-09-16,19.126902793634855,7864717942.885944,148168222.59819412,sol
2023-09-17,18.803112818374224,7720289269.964434,124252102.72247562,sol
2023-09-18,19.64014703071697,8081231238.22347,352014217.12332475,sol
2023-09-19,20.04209873431388,8242770208.209753,290189000.34149134,sol
2023-09-20,20.287247895504184,8357683264.676293,262866309.89747557,sol
2023-09-21,19.470117691401224,8032276838.132356,292386180.04326856,sol
2023-09-22,19.43772651559272,8027260379.11194,202514150.67340213,sol
2023-09-23,19.47116415036064,8029339259.552218,118397178.4958432,sol
2023-09-24,19.351752066049695,7984839330.184492,127718771.41655114,sol
2023-09-25,19.394881050820743,8001387575.222157,185810718.58044255,sol
2023-09-26,19.01708701773738,7853875935.402948,206867879.9211672,sol
2023-09-27,19.12786529422154,7889113032.339973,240306166.0662841,sol
2023-09-28,19.94620329719107,8237778276.828282,292672977.9767457,sol
2023-09-29,20.294161364007895,8380719360.271232,261043004.35269776,sol
2023-09-30,21.387052432956956,8834603606.720219,378177852.7042039,sol
2023-10-01,23.88149631052896,9910925871.881264,718136084.2409812,sol
2023-10-02,23.40994675528492,9664238003.259369,761548241.0737458,sol
2023-10-03,23.546636568867523,9737914093.265,741310161.2129006,sol
2023-10-04,23.14279023721254,9569979650.531218,493664590.5015571,sol
2023-10-05,22.719916973389385,9392479523.673967,397587747.142302,sol
2023-10-06,23.43163795467068,9685255629.751097,496792045.6963963,sol
2023-10-07,23.293820293560614,9647364228.421127,318412075.87768364,sol
2023-10-08,23.24916669447795,9627275562.372828,235111764.89452532,sol
2023-10-09,22.11144636191878,9168609907.058208,400926255.71746325,sol
2023-10-10,22.10708097425926,9168430059.589134,273654373.8543851,sol
2023-10-11,21.96097231022005,9129830090.478771,316248781.1667089,sol
2023-10-12,21.26544011226295,8859183055.63427,314816782.1866703,sol
2023-10-13,21.826473760164795,9083240237.42736,310146737.3899081,sol
2023-10-14,22.00456614346382,9161744653.181892,202215869.99082255,sol
2023-10-15,21.916231700248684,9125622303.79429,204660747.35315484,sol
2023-10-16,23.98138194049296,10055584865.075697,806897436.5548655,sol
2023-10-17,23.971056117737877,9983521264.639666,581667581.4015583,sol
2023-10-18,23.434057784969053,9758507265.818256,429121366.3134514,sol
2023-10-19,24.942676655920565,10349453104.808008,770082609.2504172,sol
2023-10-20,27.034557905425466,11290615048.676315,1036997952.8813084,sol
2023-10-21,29.355573342373983,12239407592.026327,1290662076.6585624,sol
2023-10-22,29.02138704288216,12075671557.596724,768780749.3080908,sol
2023-10-23,31.736583271682292,13367364108.913492,1754698377.2423136,sol
2023-10-24,30.133994925651603,12604514716.68563,1555849834.6326745,sol
2023-10-25,32.405323087903845,13543276725.776272,1583606743.0827258,sol
2023-10-26,32.71431713179988,13696100439.031744,1151811976.6829984,sol
2023-10-27,31.765434430978377,13322929646.105707,991685345.9089792,sol
2023-10-28,31.64680766648088,13270979228.927153,452735014.9432719,sol
2023-10-29,32.81601052032671,13747282667.78367,597456716.0652834,sol
2023-10-30,34.95699301421437,14656591733.223766,1159874552.389189,sol
2023-10-31,38.48164730744764,16146331428.99949,1785301823.919834,sol
2023-11-01,41.41420827516142,17362282922.666862,3959223018.903169,sol
2023-11-02,40.146033594069166,16915834782.767227,2642794307.6513314,sol
2023-11-03,39.51759751315692,16590657428.301384,1711810105.7696593,sol
2023-11-04,42.247239673022534,17774131285.113876,1481652151.3695111,sol
2023-11-05,41.24303597170582,17327989797.5177,875312405.7095351,sol
2023-11-06,42.093540748889566,17633401515.616535,1060320191.9564208,sol
2023-11-07,43.10992040160473,18118371837.24985,1827584301.67423,sol
2023-11-08,43.24925747868605,18224254869.067657,1063279033.4184498,sol
2023-11-09,45.35805433349939,19039251761.549587,2968223146.230271,sol
2023-11-10,56.672751743013606,23890974567.18268,3690042341.760421,sol
2023-11-11,56.46969150990378,23802514066.26354,4048826273.4731865,sol
2023-11-12,55.96301542172404,23626834466.27276,2834634629.093761,sol
2023-11-13,52.21016126845803,22071829319.859287,2938768160.6217985,sol
2023-11-14,56.84724399563444,24025150540.45894,3136578714.75117,sol
2023-11-15,65.42118249740835,27523565135.28521,3841779027.466748,sol
2023-11-16,57.85936549623421,24454321066.849117,3893498754.701861,sol
2023-11-17,58.08749906248073,24667662889.707996,3253569217.711946,sol
2023-11-18,58.43785104837524,24711969043.560658,2007825165.7945588,sol
2023-11-19,61.4682208972665,26038968868.90716,2011969090.8935192,sol
2023-11-20,56.387561224796215,23837278052.150417,2046131779.7969344,sol
2023-11-21,52.03847144243665,22095435188.78951,2457528360.2158194,sol
2023-11-22,57.63985489059395,24392491443.20616,2055159909.0505433,sol
2023-11-23,56.6256819382833,23970546237.51584,1373270432.8621953,sol
2023-11-24,56.87305815164875,24061449315.617107,1165085857.1832347,sol
2023-11-25,58.81319665255164,24902981174.693375,1170624892.294504,sol
2023-11-26,57.65563041451083,24415212865.335167,905466988.4548694,sol
2023-11-27,55.12228632634998,23317839078.34003,1272604084.6066368,sol
2023-11-28,58.21650838026634,24600212078.53859,1455818631.3582225,sol
2023-11-29,59.132384073791634,25088888782.540813,2011099344.8000524,sol
2023-11-30,59.17998717985522,25108803752.086662,1302914768.2270465,sol
2023-12-01,59.82358486245393,25352598328.428997,1458566131.3202488,sol
2023-12-02,63.54188841925499,26881444684.92962,1384599876.700091,sol
2023-12-03,63.0169956421846,26766190167.25173,1376347106.6756947,sol
2023-12-04,61.55125929559973,26112261419.98071,2239941715.4175754,sol
2023-12-05,60.9025608945616,25906943014.62848,1689507437.5682876,sol
2023-12-06,62.23204453296526,26519800255.08468,3018024425.378191,sol
2023-12-07,67.69386460535054,28837571556.753944,3087225477.7567286,sol
2023-12-08,74.84216401576747,31939635291.86702,3651681520.082631,sol
2023-12-09,72.42222406518073,30868914479.546883,2990090048.521119,sol
2023-12-10,74.42357981310117,31639909291.568317,1933934506.779548,sol
2023-12-11,70.20241559474354,29912836736.92384,3839992454.682102,sol
2023-12-12,68.52923871075102,29261837474.95887,2426662308.191913,sol
2023-12-13,70.73839652886984,30236312485.34697,2532486875.049152,sol
2023-12-14,75.65588800857071,32382885128.146465,2496513420.5195365,sol
2023-12-15,72.61814382762158,31160870071.512493,2696772682.744241,sol
2023-12-16,73.3895965701486,31406371759.65062,1841818464.1871305,sol
2023-12-17,71.09304612532529,30373366926.657185,1557234022.8754864,sol
2023-12-18,74.34092711768113,31797760802.78102,2363667921.6380463,sol
2023-12-19,72.61144991141754,31049007031.4802,1948577967.428861,sol
2023-12-20,82.09852590231738,35036559621.049866,3820149653.3988895,sol
2023-12-21,93.93807648899408,40139662988.83128,4904778953.563533,sol
2023-12-22,98.07800224122698,41936984906.30874,5239342313.793104,sol
2023-12-23,107.63981717421449,46067150224.366264,3932338834.676097,sol
2023-12-24,112.44835843501905,48130186348.93925,6224138352.726561,sol
2023-12-25,121.44659325631169,51905964256.03442,5738514622.255752,sol
2023-12-26,112.32551605046484,47816051843.275856,4346114224.039255,sol
2023-12-27,106.97705414292456,45769688224.76657,4238903992.194386,sol
2023-12-28,102.25382476175544,43945886274.36204,4586529583.395684,sol
2023-12-29,106.25256071597002,45547782244.27374,4343029162.300508,sol
2023-12-30,101.98883539812844,43785435164.6565,1833433846.9272847,sol
2023-12-31,101.33317837845608,43557642382.91047,1774875786.514594,sol
2024-01-01,109.44408162860024,47006338489.28494,2214023277.943569,sol
2024-01-02,106.66317351273965,45770111069.17999,3809986338.1849504,sol
2024-01-03,98.618625629318,42416625922.3214,5263410468.581045,sol
2024-01-04,104.8407815170403,45108341841.75201,3262980619.206502,sol
2024-01-05,99.79527781452578,43005412146.86797,2955669961.82839,sol
2024-01-06,93.67595830573332,40341046148.6674,2220640084.5668583,sol
2024-01-07,88.92454619256625,38353496896.01169,2189403802.3900533,sol
2024-01-08,97.65874169169724,42169330331.765785,3950758921.474186,sol
2024-01-09,98.7515137293353,42627288796.39558,3871179261.052206,sol
2024-01-10,102.413481811144,44241372072.84427,3865165740.024791,sol
2024-01-11,99.98590880200555,43224396745.53533,4022331019.561001,sol
2024-01-12,91.49974928746796,39503238769.71002,2734892250.2668905,sol
2024-01-13,95.63334726603964,41338579660.93868,1873558891.8758016,sol
2024-01-14,94.1186359105014,40910904033.30603,2580600236.4078503,sol
2024-01-15,94.39674016420685,40853886226.541885,1779198447.0488913,sol
2024-01-16,97.55676426862225,42218185004.543945,1816203365.4935129,sol
2024-01-17,101.501259573175,43918459381.6917,3218955061.4833794,sol
2024-01-18,94.28013186654483,40824171089.702095,2756021291.3233085,sol
2024-01-19,93.32520105608964,40338377669.27168,2760699292.4330835,sol
2024-01-20,92.58976400255906,40089978741.00717,1256377866.267364,sol
2024-01-21,91.1623559089012,39512481021.428154,908792093.0500988,sol
2024-01-22,83.43623260957541,36111047577.45998,2814098815.451897,sol
2024-01-23,84.09771204633358,36311461849.31265,2987147103.1980157,sol
2024-01-24,88.97403797468365,38534021790.14314,2385029340.1463356,sol
2024-01-25,86.98335038241241,37657090256.50069,1905313727.436813,sol
2024-01-26,92.36475145633212,39963699730.98301,2146548098.7348835,sol
2024-01-27,94.07418620571138,40773572380.15453,1252486460.2425928,sol
2024-01-28,95.96656618849008,41598860413.28886,2522516027.452199,sol
2024-01-29,101.41999625662424,44237194959.54558,2632528657.08934,sol
2024-01-30,101.49112290376424,44149841778.04821,3637727026.6659617,sol
2024-01-31,96.93179951000184,42259374417.28451,3873450832.209003,sol
2024-02-01,97.79003124090778,42590324375.05028,3016997024.0845313,sol
2024-02-02,100.46548063117392,43811141503.445335,2624103346.4808416,sol
2024-02-03,97.76713809513306,42611107982.48974,1416764974.286167,sol
2024-02-04,95.472109662347,41602993219.1009,1353636742.875246,sol
2024-02-05,95.6680193380418,41727362697.026825,1933675388.1619544,sol
2024-02-06,96.91999534970712,42268993503.10137,1900368062.9579785,sol
2024-02-07,100.8620197849941,44086978409.43825,1921482749.676069,sol
2024-02-08,102.90366855652807,44986092796.23713,2458956241.2991543,sol
2024-02-09,107.0340359221691,46821270307.69528,3256188126.6095295,sol
2024-02-10,108.9914614336289,47626799918.99898,1814393079.83351,sol
2024-02-11,107.42381253614128,46970508598.610954,1459554075.7090497,sol
2024-02-12,112.03681818642012,48881521826.95636,2920187526.7224092,sol
2024-02-13,112.5991116485891,49200636584.9414,2874714544.053641,sol
2024-02-14,116.97610655690056,51223725720.39541,2490685229.576592,sol
2024-02-15,113.5993942511846,50054269103.93001,2539535902.841629,sol
2024-02-16,110.50155056850862,48713273174.4888,1882206888.8364744,sol
2024-02-17,108.92851023151393,48116477499.560936,1366271024.686035,sol
2024-02-18,112.21541634982898,49474158579.09777,1551221254.069266,sol
2024-02-19,111.27808859030418,49013622667.08547,1984160421.2266989,sol
2024-02-20,108.56412084328196,47893142417.96313,2872884276.405752,sol
2024-02-21,105.34263381767492,46454513229.83535,2737171219.287656,sol
2024-02-22,102.0417796526056,44975179369.543365,2309956159.574661,sol
2024-02-23,100.09194937035414,44207212470.28615,2027797244.334062,sol
2024-02-24,104.18872590266118,45956101626.76592,1441375083.186619,sol
2024-02-25,103.4386239643384,45607368722.22022,1203834614.7037158,sol
2024-02-26,109.84509740259054,48479693900.729256,2465100722.619365,sol
2024-02-27,108.17696263039224,47818062228.12062,3541852280.448018,sol
2024-02-28,117.4302841375136,51987858810.85375,5694262625.223801,sol
2024-02-29,125.6818167628113,55782452212.297585,8070920258.119165,sol
2024-03-01,130.0470586239426,57670794534.933525,5400962583.213069,sol
2024-03-02,129.8816532496919,57526283521.35976,3090626520.312499,sol
2024-03-03,130.30611971907615,57634661052.93364,3362221535.2339334,sol
2024-03-04,133.32371555063142,58905211978.42328,4456997733.50504,sol
2024-03-05,126.39112339694104,55994211147.81779,9474088055.624058,sol
2024-03-06,130.66706419099268,57750807855.93927,5149667738.287846,sol
2024-03-07,144.10503256536765,63894153486.63505,7176946154.432181,sol
2024-03-08,145.19146101509426,64314627608.68617,5495476291.480904,sol
2024-03-09,144.81714849291387,64204155811.87283,2989788017.2095094,sol
2024-03-10,144.25771555596154,63915400688.66565,3606621287.914232,sol
2024-03-11,148.79327935268395,65982204368.10759,5948377808.486974,sol
2024-03-12,150.72986927133826,66773366688.398384,7152600912.428022,sol
2024-03-13,163.62579653208232,72573154800.36514,6106705185.804832,sol
2024-03-14,176.2229997396476,77993881680.2228,9107864294.5244,sol
2024-03-15,183.9242834890865,81845073461.4935,14052203542.304316,sol
2024-03-16,180.80173842188316,80284415527.02771,12283471205.374184,sol
2024-03-17,202.51891185720268,89815964680.74742,11964573089.442522,sol
2024-03-18,196.34529342439117,87207130383.47609,12536486966.095615,sol
2024-03-19,169.59755629640884,75621938582.8277,11941248034.676855,sol
2024-03-20,191.44187811368815,85004052599.30891,9142062431.25945,sol
2024-03-21,179.5544644084378,79806198240.29042,6102628997.712434,sol
2024-03-22,173.45563634427955,76738474078.01993,4530693846.294226,sol
2024-03-23,173.4537726410555,77052625363.61342,2950137170.126533,sol
2024-03-24,184.02186416380985,81893130320.22795,2903673332.7955723,sol
2024-03-25,188.9968546590328,83839327740.13148,4384505429.329716,sol
2024-03-26,191.23614507446956,84838706571.2534,4010909565.8450103,sol
2024-03-27,186.138943757484,82360081157.45738,4361858281.408015,sol
2024-03-28,189.5749906128262,84248853020.74065,3248950673.7290506,sol
2024-03-29,192.02726585672397,85315571281.60542,3453390013.97765,sol
2024-03-30,194.4810435647171,86396723742.68846,3155980892.5212865,sol
2024-03-31,202.81432536234064,90107848570.01537,2561740240.2378783,sol
2024-04-01,192.7252498952993,85854792170.67822,4161058168.3299327,sol
2024-04-02,181.44094341124983,80782956311.50485,5007455901.9576235,sol
2024-04-03,185.51116280992997,82629121371.8504,4556585967.640312,sol
2024-04-04,183.82146316534417,81675237331.00743,4485788181.90427,sol
2024-04-05,175.16816341233152,77960489740.01663,7594790232.57952,sol
2024-04-06,178.95970355653492,79571266962.5395,4990294576.811096,sol
2024-04-07,179.58218749799138,80125616078.59949,1994743993.585054,sol
2024-04-08,180.64287344561157,80535874865.26263,3098234371.4541388,sol
2024-04-09,172.5466374234224,77044233758.35966,2989133750.672942,sol
2024-04-10,173.12196064411097,77185741544.09901,3758881713.08274,sol
2024-04-11,172.69615902223114,77005624466.19768,3172488977.0431724,sol
2024-04-12,153.7682811535538,68525412911.207664,5031415889.586943,sol
2024-04-13,140.18115063206616,62699848804.0115,9822094693.768135,sol
2024-04-14,151.54672238984352,67806499914.97718,8511031376.896751,sol
2024-04-15,138.41384909362205,61710007812.6042,6284717504.940342,sol
2024-04-16,136.41604917198546,60978610966.59865,5769425609.624948,sol
2024-04-17,132.5311508262506,59211788810.436966,5195973605.114863,sol
2024-04-18,142.1317166813474,63576116897.51022,4473576346.080956,sol
2024-04-19,143.2449662842533,64000098017.81668,6474741719.336926,sol
2024-04-20,150.5170929398806,67222429957.26812,3334931071.46768,sol
2024-04-21,148.74146308419816,66491092685.51483,2697656989.1355305,sol
2024-04-22,156.9921721394195,70249892398.89441,3462456696.352612,sol
2024-04-23,154.69385774418163,69275570262.24135,3123676555.227696,sol
2024-04-24,147.74509318899663,66011712440.540405,4398059368.578308,sol
2024-04-25,144.98792922284767,64868424520.28813,4244001061.947478,sol
2024-04-26,139.2590067356682,62238094836.14685,2954045955.297565,sol
2024-04-27,141.58180881704862,63319042460.19269,2641127907.433396,sol
2024-04-28,137.71788471179437,61615451344.778175,2093759582.375021,sol
2024-04-29,137.6714796361837,61596557366.24163,2710939729.917527,sol
2024-04-30,127.0390830996602,57068380747.46253,3949643280.4869456,sol
2024-05-01,134.753621251331,60292554289.61039,4578078057.900455,sol
2024-05-02,137.9156486710101,61642176220.23793,4018763780.304269,sol
2024-05-03,143.5498729974885,64310515828.20989,3482326753.116337,sol
2024-05-04,146.11104319236458,65431940754.60709,3337411967.8213387,sol
2024-05-05,145.68571274466362,65139241740.40005,2258970970.909871,sol
2024-05-06,152.65486339652605,68319201227.67775,3129079486.537318,sol
2024-05-07,148.18697723966497,66642348637.88412,3020806057.077866,sol
2024-05-08,142.5160197700434,63778648967.760185,3002797158.530531,sol
2024-05-09,152.72554705807713,68446070757.00757,2769016331.975477,sol
2024-05-10,146.3104978769931,65576191712.31699,2719661473.0723867,sol
2024-05-11,145.3083544018294,65186852360.18265,1411338379.683567,sol
2024-05-12,143.5873157129504,64399645373.94642,1012732259.7845844,sol
2024-05-13,147.14466221396205,65981164547.77246,2797524777.8003864,sol
2024-05-14,142.0844864886782,63808410155.384514,2475112749.076432,sol
2024-05-15,158.01312798977025,71124365755.64029,3166253780.876326,sol
2024-05-16,159.14533854574205,71485848565.0468,3010339838.2279334,sol
2024-05-17,169.49970700636922,75995591371.301,2940812645.724995,sol
2024-05-18,172.45083937260318,77423323444.23485,2302108117.3224664,sol
2024-05-19,170.0673475386705,76312677475.9591,2201391269.7896724,sol
2024-05-20,186.3249227218175,83636200098.33824,4223669415.40993,sol
2024-05-21,178.1744919321701,79995115480.06287,4264614704.586964,sol
2024-05-22,176.86884758403767,79409425754.64302,3391953928.275571,sol
2024-05-23,176.0640591935767,79228788063.89075,4803498929.522145,sol
2024-05-24,167.76687801061138,75398208636.16145,3550795871.0997787,sol
2024-05-25,168.3697915144665,75661703605.5672,1678123312.597497,sol
2024-05-26,163.35859974681,73367866647.74002,2230258323.6142364,sol
2024-05-27,169.81442537506513,76290531024.18916,2411003712.567338,sol
2024-05-28,168.75055773108363,77608694232.90857,2899980604.0982533,sol
2024-05-29,168.13546936257387,77252186457.9422,2520229123.3687077,sol
2024-05-30,167.014473333231,76758497378.74059,2816032327.0417314,sol
2024-05-31,165.91353028162595,76308339528.46367,2443689641.7254596,sol
2024-06-01,165.9632350083908,76177678589.68294,1004763875.4137436,sol
2024-06-02,163.11854094832748,75050958641.62373,1496336327.6789188,sol
2024-06-03,164.81254949676975,75681627881.0628,2044856437.252917,sol
2024-06-04,171.7281286123733,78880758222.48264,1750946991.7273138,sol
2024-06-05,173.76957145050255,79780936079.13075,2286674729.7825136,sol
2024-06-06,170.37271994953753,78444394866.65672,1965476413.98097,sol
2024-06-07,162.4532049787127,74856130848.93568,3548053094.3234396,sol
2024-06-08,158.1807505205203,72835917814.34517,1667795117.6359415,sol
2024-06-09,162.063709361357,74673430538.47688,1435770777.551324,sol
2024-06-10,158.8863716164394,73151424296.10939,1758494775.187192,sol
2024-06-11,149.30184393721757,68854872917.61719,3108518009.005868,sol
2024-06-12,154.85704243492725,71448945051.62373,3134898978.6059284,sol
2024-06-13,147.23468433017004,68032711460.25852,2420812427.9759216,sol
2024-06-14,143.0214313059618,66064522093.40304,2657809423.314454,sol
2024-06-15,145.28190108402654,67039970053.087814,1163447784.527943,sol
2024-06-16,150.65560322695782,69579290410.68553,1310561237.9828827,sol
2024-06-17,143.201979419663,66094864030.905464,2454137648.172359,sol
2024-06-18,137.4629937319601,63233499041.35268,4344910154.552924,sol
2024-06-19,135.40309403154043,62361208241.968605,2636123561.8074226,sol
2024-06-20,133.44256940911677,61706156570.99528,2560257578.871298,sol
2024-06-21,134.51329489326994,62078256801.37986,2427905741.2715335,sol
2024-06-22,133.48608472760722,61606686233.870865,1097684600.3022025,sol
2024-06-23,128.54028172949205,59352841547.741,1252604454.7991865,sol
2024-06-24,132.3377865818776,61042345065.70789,3858603868.947207,sol
2024-06-25,136.51374501335556,63106257051.66343,2814099573.8678613,sol
2024-06-26,136.4415134350111,63108597357.703316,1948967423.6505835,sol
2024-06-27,149.23075419544415,68956935473.7399,3176696321.950792,sol
2024-06-28,139.72594706135848,64611649671.81728,2594297845.7966657,sol
2024-06-29,139.86689852094338,64693099935.25913,1346294362.1943076,sol
2024-06-30,146.42869641202853,67675125124.59939,1780441975.6133604,sol
2024-07-01,146.34737782842973,67673065514.69488,2006890597.1463184,sol
2024-07-02,153.63922449411186,71136229946.13242,2426999726.934943,sol
2024-07-03,140.7242009904032,65082723830.858505,3214187013.5043983,sol
2024-07-04,127.93484525812944,59426641950.27212,3791021538.334176,sol
2024-07-05,134.41985405373308,62269271952.277084,5884811589.169382,sol
2024-07-06,143.1010931430681,66217813182.98343,2489336508.5500417,sol
2024-07-07,131.85304400674195,61059941285.76865,2189333148.6797557,sol
2024-07-08,139.3176879675135,64537904951.41,4080257370.582092,sol
2024-07-09,141.45706675192378,65737860357.99464,2918129762.127563,sol
2024-07-10,141.92265716309768,65837743099.40003,2267417219.9193945,sol
2024-07-11,136.0741315804191,63095416379.09987,2968505762.681664,sol
2024-07-12,139.36219270413474,64601740344.9905,2492119021.139762,sol
2024-07-13,141.6752437311082,65828079252.62245,1319666582.8903584,sol
2024-07-14,147.95483971650256,68729116144.65176,2482805432.3753552,sol
2024-07-15,159.92387112565993,74102104615.57973,3109645281.746366,sol
2024-07-16,160.78254302928178,74732938819.62112,3487082045.509735,sol
2024-07-17,155.40160618387858,72209875941.80649,2719714237.7638583,sol
2024-07-18,159.01459142432648,73852444296.54735,2617149109.5042167,sol
2024-07-19,169.216310530705,78561627383.88539,4472680911.645818,sol
2024-07-20,174.10164864661212,80854762308.1409,2111299630.434342,sol
2024-07-21,184.45124996312572,85429935644.31656,4015804659.367477,sol
2024-07-22,178.98087466888327,83131628699.86516,3355000351.4047484,sol
2024-07-23,173.0332556528894,80374938686.50865,3948271727.5033097,sol
2024-07-24,178.01893576386516,82711015097.19257,3972470238.30037,sol
2024-07-25,171.69638408630425,79757334803.65512,5008783465.490734,sol
2024-07-26,183.08447393423776,85018101278.7471,3292350432.042273,sol
2024-07-27,184.66861277323875,85827248193.04897,4036791400.471603,sol
2024-07-28,184.78835915686437,85867074048.95665,2337276737.241032,sol
2024-07-29,182.5435212575425,84999082716.62422,4625426991.760574,sol
2024-07-30,179.0391933974778,83221052241.06827,3282604319.003352,sol
2024-07-31,171.97399127813304,79950614578.09938,3584555338.835737,sol
2024-08-01,167.8878366549297,78136018435.09514,5413794223.966175,sol
2024-08-02,152.41068415516077,70897108855.05199,5270915155.685125,sol
2024-08-03,143.12748726015352,66539693653.10327,4326247996.572523,sol
2024-08-04,137.55503532710202,64069506751.66353,5254540267.45,sol
2024-08-05,129.6977057929065,60385581799.65134,16968925434.656973,sol
2024-08-06,143.64341390089055,66888724877.82549,6966233301.523892,sol
2024-08-07,145.14244971442133,67833484660.8793,6502915916.986337,sol
2024-08-08,163.04650728359596,75605989422.61879,6758056552.040139,sol
2024-08-09,156.48102610362196,72748882742.7244,3855610171.4743857,sol
2024-08-10,153.89246804945327,71780208858.93105,2125943908.7761607,sol
2024-08-11,141.4712879882643,65970515368.13464,3023585724.110306,sol
2024-08-12,146.52219296049833,68410924515.65011,4393744279.483663,sol
2024-08-13,146.771846931375,68523383455.0084,2815066563.4095407,sol
2024-08-14,143.8673185637519,67161503325.74234,3299796280.89426,sol
2024-08-15,142.88162536670714,66618864444.49498,3650888706.8002696,sol
2024-08-16,139.1231866703018,64863103906.70795,3346024393.6814594,sol
2024-08-17,141.68880938274887,66056074283.6682,1510724675.0982163,sol
2024-08-18,142.46608358914975,66473085149.04257,2449782934.9464426,sol
2024-08-19,144.57380160342618,67367254143.214,2725980607.7225375,sol
2024-08-20,142.51583020843475,66476153688.20832,2571440736.5736113,sol
2024-08-21,142.5238693684667,66440969750.35696,2339708556.811886,sol
2024-08-22,143.25427944806466,66761547034.590904,1680863862.9906132,sol
2024-08-23,152.928737509745,71446953314.36082,3449069389.1326084,sol
2024-08-24,160.64024093840217,74722638007.98097,3689677142.440268,sol
2024-08-25,158.63304408954454,73951133109.2744,2152634485.4217806,sol
2024-08-26,157.03937393616738,73245258412.5275,3208083624.8852763,sol
2024-08-27,146.82431294389428,68457640743.58645,3533217490.5110555,sol
2024-08-28,143.8331722816584,67227955365.65928,3755527847.8503094,sol
2024-08-29,139.9259778169222,65235562102.47011,2485174112.850169,sol
2024-08-30,138.21975492529612,64456415887.360794,3520846804.2245574,sol
2024-08-31,135.29968573537374,63101327572.9293,1100650505.5125542,sol
2024-09-01,128.79106623891246,60117065789.91227,2592581489.9065843,sol
2024-09-02,134.98461607964123,62985001475.25302,2686355117.802632,sol
2024-09-03,127.58277629667673,59614645974.77863,2173659978.949648,sol
2024-09-04,133.56817999646103,62251929888.190506,3336191234.189469,sol
2024-09-05,129.2737299893364,60387775938.96441,2564083516.3012624,sol
2024-09-06,124.88794928540136,58344018515.973,4234656649.947928,sol
2024-09-07,127.68773420349793,59680948983.96793,1696685412.630573,sol
2024-09-08,129.92115177962722,60759608104.47203,1689463330.6305983,sol
2024-09-09,134.8794136936412,63097455959.70133,2931030209.7421737,sol
2024-09-10,135.53520634032947,63391578712.57823,2072831875.2008345,sol
2024-09-11,132.60279314846,62056036481.49285,2671734090.663905,sol
2024-09-12,136.20912396005608,63757976308.15953,1924374547.703588,sol
2024-09-13,138.97334178109747,65041521980.83392,2224225923.3992066,sol
2024-09-14,137.18415865102773,64231025021.070015,1141559407.4449415,sol
2024-09-15,131.62267074556308,61583690049.17375,1781296503.1532538,sol
2024-09-16,131.52040183855297,61587188878.89927,2079969051.570404,sol
2024-09-17,131.52137869559544,61598080482.36476,2150547014.163277,sol
2024-09-18,133.61385947184837,62403271563.93473,2755309741.192964,sol
2024-09-19,142.68574337456613,66808347524.87485,3564421946.2642255,sol
2024-09-20,146.47882774731306,68638372124.58108,3882733732.26317,sol
2024-09-21,149.6684323230078,70140329689.73108,1873292317.7490916,sol
2024-09-22,144.8397327948964,67842797097.467896,2044307162.0407553,sol
2024-09-23,144.8861036098559,67870222047.840904,2886324907.6015005,sol
2024-09-24,152.88718767415355,71709338801.75752,3787418563.394696,sol
2024-09-25,148.1082936254362,69291597151.69516,2721186645.010609,sol
2024-09-26,155.466115622881,72884471285.93079,3823684872.5730457,sol
2024-09-27,157.79795876913818,73978003988.83308,3684393153.83145,sol
2024-09-28,156.9590627676465,73518555009.73824,1727901443.701687,sol
2024-09-29,158.623421883811,74369588837.65268,2258758247.1894245,sol
2024-09-30,152.54403421201002,71395922727.94426,2919586309.5452104,sol
2024-10-01,145.20896405799175,68058487039.17453,4888868006.422661,sol
2024-10-02,140.44843275006326,65807677885.54672,3403092048.7701364,sol
2024-10-03,136.65393647537826,64050560287.44469,3660493468.511928,sol
2024-10-04,143.16476802180077,67069277149.62741,3107174327.531866,sol
2024-10-05,142.74066530825797,66856779428.43124,1404635947.7139452,sol
2024-10-06,146.3485360445286,68620543171.31388,1447038882.225716,sol
2024-10-07,144.21265658625913,67824969530.69777,3411951971.008069,sol
2024-10-08,143.4338504886754,67328950381.83993,2021753886.7147253,sol
2024-10-09,139.32635039743118,65433504789.60537,2070835887.6785855,sol
2024-10-10,138.76215517070165,65104986869.39701,2066229153.7766123,sol
2024-10-11,145.3183432059626,68238430125.58685,2171464128.91537,sol
2024-10-12,146.58106227732287,68817502222.73967,1342624320.0323367,sol
2024-10-13,147.49229086781492,69243494227.1722,1681570122.0230143,sol
2024-10-14,157.3459292988939,73962264985.11276,3436470403.8856783,sol
2024-10-15,154.62263332245095,72639268353.59418,4033304497.2522097,sol
2024-10-16,154.2635899099486,72422733078.47534,2755639617.513603,sol
2024-10-17,150.27306080375143,70573405283.51457,2717600021.312216,sol
2024-10-18,155.0727514171131,72886877673.2116,2035291815.7684128,sol
2024-10-19,159.59268197009004,74964939765.94617,1863265086.5618672,sol
2024-10-20,166.573580832598,78229210681.92538,3153223457.134059,sol
2024-10-21,166.37603410566598,78180519224.39232,4851472927.708045,sol
2024-10-22,167.21134937308716,78495515410.02502,4409925954.917367,sol
2024-10-23,171.3139040572744,80605199376.19403,4820717293.719623,sol
2024-10-24,177.37306125678103,83303181938.57568,4352868535.962914,sol
2024-10-25,164.34475959360174,77285778632.20319,6060843280.997682,sol
2024-10-26,170.56035339294928,80185439054.50378,3465680935.5464296,sol
2024-10-27,176.62596685410173,83135834565.19875,3262906486.5268407,sol
2024-10-28,178.14045831001073,83861396528.21255,4573928546.776399,sol
2024-10-29,179.3686111316114,84365189646.56198,4626744759.960895,sol
2024-10-30,175.07910306095894,82365474416.0372,3787670946.354799,sol
2024-10-31,168.4025224117599,79289455541.87051,3406710809.991008,sol
2024-11-01,166.28821025376803,78250082081.93033,3797335906.931423,sol
2024-11-02,165.99502794396105,78131615349.70734,1957197289.802251,sol
2024-11-03,162.66791799614072,76639755911.6,3328092038.7950063,sol
2024-11-04,157.6072230849172,74183140424.87337,3431380035.9552183,sol
2024-11-05,166.51143603878933,78482680246.56433,4231343887.3657618,sol
2024-11-06,187.1685353309579,88185066303.67917,12310513296.170946,sol
2024-11-07,196.20253922973225,92394882481.30788,6091288676.382452,sol
2024-11-08,199.83336694253737,94211532387.97977,7260188189.931466,sol
2024-11-09,200.1685708629758,94841594020.3866,4159056437.727218,sol
2024-11-10,210.18784246643875,99044422018.77544,11110901193.487217,sol
2024-11-11,222.64379026281208,105178890848.891,12984443505.89922,sol
2024-11-12,213.0672905358662,100554180075.78313,13290465438.161455,sol
2024-11-13,215.0830227659504,101553234625.10576,13805972977.973513,sol
2024-11-14,209.3680513303875,98608091950.04749,10550722956.667835,sol
2024-11-15,219.08569006216123,103343063143.6266,7498818405.350817,sol
2024-11-16,216.05467211977268,101970934386.94556,5969522661.832492,sol
2024-11-17,237.4665536612789,112583245508.81412,12972061001.980022,sol
2024-11-18,239.77742042710136,113790106211.8517,10983854913.14894,sol
2024-11-19,237.91328769126025,112928994362.1699,8433368277.458528,sol
2024-11-20,236.04012432804112,112008978842.06454,8823415601.787249,sol
2024-11-21,257.2507185771503,122060813280.85324,14028640651.2312,sol
2024-11-22,256.24790229652683,121664259170.8894,9312488228.35439,sol
2024-11-23,254.69897355925357,120859540109.97668,8833978840.183693,sol
2024-11-24,253.63893250552624,120502230128.64162,6901354952.3071165,sol
2024-11-25,234.5375215535424,111344542068.44252,8666830055.465332,sol
2024-11-26,230.77914119497484,109620678337.06673,9750668817.715803,sol
2024-11-27,242.466786846608,115105327487.59502,7109836475.670383,sol
2024-11-28,237.65273808614407,112826136421.60674,5255693436.08845,sol
2024-11-29,243.70089664594224,115695831971.57478,5755025280.657502,sol
2024-11-30,238.1634766785856,113136826188.84282,4804502975.567071,sol
2024-12-01,237.54718827599987,112858141484.31874,5045595846.945474,sol
2024-12-02,225.5283610124218,107159640532.60336,9899598134.99005,sol
2024-12-03,234.99258635351788,111849188040.85468,10452192112.243504,sol
2024-12-04,229.06669921453175,108895156641.66344,8783744907.42495,sol
2024-12-05,237.3008587229224,112780864777.68202,12602226714.283775,sol
2024-12-06,237.00646868253727,112628691231.92856,8922633455.40031,sol
2024-12-07,238.89329739813545,113839345705.58536,5251587540.533853,sol
2024-12-08,237.5785456304544,113135754973.99297,4395374812.781921,sol
2024-12-09,217.61737842270807,103658784770.72432,11429229527.743338,sol
2024-12-10,213.52687206332865,101631048226.2473,11187514118.85924,sol
2024-12-11,227.0731413756734,108729401497.31155,7555103206.1240225,sol
2024-12-12,227.025747460342,108699878063.44142,6550517085.993641,sol
2024-12-13,224.59546331682483,107552367996.59578,5161260053.695949,sol
2024-12-14,219.871836259502,105315505829.8883,3877459092.60342,sol
2024-12-15,224.53658892974883,107667694926.24756,3942318066.518842,sol
2024-12-16,216.51544960024825,103890617385.6761,6624387280.0088625,sol
2024-12-17,222.7403296598891,106838498036.11574,7985124597.628129,sol
2024-12-18,205.36330239790396,98187529554.2457,8480297085.511605,sol
2024-12-19,194.9019815694289,93450456552.31744,10468690590.802675,sol
2024-12-20,194.1219845045381,92885810388.18964,12107653719.181095,sol
2024-12-21,181.0289078386085,86608023116.47685,6815137488.7062845,sol
2024-12-22,180.15299381882627,86503599316.97266,5182484546.123343,sol
2024-12-23,189.8421861765656,91042236757.00714,6301604625.525055,sol
2024-12-24,197.50098597289025,94580217212.31564,4227931012.215785,sol
2024-12-25,197.3576592740719,94663647605.30154,3348485302.259563,sol
2024-12-26,188.14456627233477,90223406707.14066,3632161406.331888,sol
2024-12-27,183.74866385462855,88113693164.8477,3493249464.36059,sol
2024-12-28,194.8276511169169,93472385728.09872,2617139754.420275,sol
2024-12-29,189.9284130164687,91097223580.5688,2637965244.6069903,sol
2024-12-30,190.70066508822853,91400962709.76643,3958275830.342855,sol
2024-12-31,189.45168366761857,91478338043.51134,3962483816.1795225,sol
2025-01-01,193.64679144177083,93458487148.00089,2824600478.597266,sol
2025-01-02,207.87862676897495,100434907190.9892,5084254052.257431,sol
2025-01-03,217.647289485303,105094794982.75977,4911221653.277528,sol
2025-01-04,216.68364826265568,104689355900.12189,3044194454.6550207,sol
2025-01-05,213.44823541657385,103130316780.37643,3048234520.4287724,sol
2025-01-06,218.4209767110049,105522704111.37778,4309097910.341224,sol
2025-01-07,202.492545725036,97995322629.92308,5199767125.738103,sol
2025-01-08,197.45206766283223,95682675885.83002,5972330799.666177,sol
2025-01-09,185.0111350868991,89422935371.9058,4609352627.060508,sol
2025-01-10,187.8201167474825,90863602526.64656,4489439743.585478,sol
2025-01-11,188.0632507646954,91151211516.5533,2634148745.1065474,sol
2025-01-12,188.39194289058088,91207532007.52104,1635265225.559339,sol
2025-01-13,183.11428850097792,88705877704.07474,6287216536.189147,sol
2025-01-14,187.7045252023241,90966038336.3823,3315788782.9493647,sol
2025-01-15,205.75854800567015,99617521322.55344,4804084650.374077,sol
2025-01-16,211.23399374041628,102762327812.58186,7068314924.706724,sol
2025-01-17,219.77905400813705,106975781135.88028,5970704168.89648,sol
2025-01-18,262.5615764589647,127785165817.10097,25509863876.61015,sol
2025-01-19,251.97488550305263,122020537308.0902,27745408600.276928,sol
2025-01-20,242.47150410221352,118038765211.23404,24105137275.239193,sol
2025-01-21,250.3984908388754,121552327585.60403,12579840532.32276,sol
2025-01-22,256.1143343782641,124606314246.36227,10328230618.34812,sol
2025-01-23,253.49503131499628,123417388987.169,10816185398.469212,sol
2025-01-24,253.62637885441316,123361234528.28262,8592029753.25568,sol
2025-01-25,257.0742996969564,125148284070.78894,5803289041.239068,sol
2025-01-26,241.06731630326192,117303806305.96825,4718944732.494511,sol
2025-01-27,234.97914713600687,114276592039.1658,12684970731.866884,sol
2025-01-28,226.88945614638288,110398046173.44064,5786086231.183104,sol
2025-01-29,228.6145425527223,111355015372.82307,6211589569.140341,sol
2025-01-30,239.0471972633765,116559779515.8497,5322441765.57196,sol
2025-01-31,231.50782299297455,112643737226.91638,4767010236.438659,sol
2025-02-01,214.46366422580272,104469275144.33444,4126022505.958027,sol
2025-02-02,202.32492853599263,98398368500.85646,9577730751.60321,sol
2025-02-03,215.95147229807475,105205583844.172,17185125725.03428,sol
2025-02-04,207.42406393975517,100802812440.85352,8488460261.020004,sol
2025-02-05,196.21787573260255,95550201539.32951,4519102616.629987,sol
2025-02-06,189.38932513491977,92031851837.88425,4544519196.979243,sol
2025-02-07,192.2709679394336,93773950310.2403,5321325630.808724,sol
2025-02-08,199.7093939458939,97430610890.80077,2738591550.9889145,sol
2025-02-09,200.44634668796408,97797330676.8804,3575183754.783349,sol
2025-02-10,200.0458466193684,97602797576.9777,4877446867.21056,sol
2025-02-11,197.9291526403184,96650663515.04697,4610068875.979272,sol
2025-02-12,196.60301392852935,95802342588.48463,4991943969.554793,sol
2025-02-13,194.2631701900725,94843692266.1009,3243643748.254954,sol
2025-02-14,199.65011966060425,97468827982.87822,4307573002.935994,sol
2025-02-15,194.4254509858272,94916725048.10497,2126185023.7187572,sol
2025-02-16,188.165584495931,91860796549.96172,2477404625.155988,sol
2025-02-17,177.91997195388805,86934660078.68405,4953743554.608888,sol
2025-02-18,169.10718217289786,82487856965.56555,7430021942.540908,sol
2025-02-19,169.2644343661567,82688920914.07486,4126508611.428817,sol
2025-02-20,176.02074183930708,86011244818.54909,3748737861.764053,sol
2025-02-21,169.00123201382314,82609623068.92926,5320752621.586434,sol
2025-02-22,172.21280391506767,84180442889.18811,2446840289.512584,sol
2025-02-23,168.09302650361454,82111049206.9718,1845951247.1170416,sol
2025-02-24,141.16593031186233,69785445476.4441,8204544974.98999,sol
2025-02-25,144.3563354963687,71703011109.95712,10792855904.5099,sol
2025-02-26,134.6628545613439,67080997138.50677,5565468106.450874,sol
2025-02-27,137.60648163669737,68562002291.54892,4247821646.488742,sol
2025-02-28,148.17466304440643,73865234147.56163,8773643463.195835,sol
2025-03-01,143.4002225931321,72725965137.73221,3750217492.258566,sol
2025-03-02,178.17413183106032,90446325718.02034,13105437774.765997,sol
2025-03-03,142.5141267061424,72549477478.20894,10365994673.49476,sol
2025-03-04,145.06190940041165,73677404621.18243,8959390661.47582,sol
2025-03-05,146.1815871653316,74254605878.29288,5058439503.511892,sol
2025-03-06,143.45134750836067,72855104265.59047,4945954333.278534,sol
2025-03-07,139.1826626278542,70789658072.88582,7016301953.403862,sol
2025-03-08,136.88210638232243,69641393306.39473,2514068553.482356,sol
2025-03-09,126.63426805755284,64443868119.22886,3801194130.62927,sol
2025-03-10,118.78644366084116,60550984692.33613,5864031854.074184,sol
2025-03-11,125.4287680235315,63868692267.70004,6029007255.049647,sol
2025-03-12,126.56536487567296,64342608562.247406,4689543463.448166,sol
2025-03-13,123.23770752728636,62750805255.11328,3271148359.248695,sol
2025-03-14,133.5545345544276,68090655259.91155,3701658672.5857406,sol
2025-03-15,135.83808085318316,69171954733.32257,2173510694.828497,sol
2025-03-16,126.16514527624146,64335280377.63734,2798721596.9139237,sol
2025-03-17,128.27980954134415,65460614429.259926,2835104845.2985606,sol
2025-03-18,125.34406014353016,63883571506.45802,2936759432.6961746,sol
2025-03-19,135.62276169425357,69135638972.75473,4227937432.462337,sol
2025-03-20,127.67626424914864,65205449286.37338,2856454079.9876003,sol
2025-03-21,128.23973822410704,65399367439.38751,2682481813.177558,sol
2025-03-22,128.39187391771924,65538073389.8455,1633225353.201732,sol
2025-03-23,132.10106868785385,67460845086.99793,1946961909.8583128,sol
2025-03-24,140.57936877383233,71815757431.57007,4982998048.548014,sol
2025-03-25,143.93305133739045,73627601377.65034,4141256445.109851,sol
2025-03-26,137.09334253160864,70000923888.07939,3544853266.965955,sol
2025-03-27,138.37897933357002,70778661497.74887,3091328527.031395,sol
2025-03-28,129.44621681849003,66247008410.83447,3970975243.7690816,sol
2025-03-29,124.50189658068513,63588827540.6773,2655617262.6764107,sol
2025-03-30,124.5806499329744,63769548570.98089,1878569311.0322552,sol
2025-03-31,124.86617842858315,64041752306.38457,3728330337.9255114,sol
2025-04-01,126.80693682115113,65013471543.10781,3477738068.3977413,sol
2025-04-02,118.08550586157004,60554316318.78751,6220758262.820647,sol
2025-04-03,117.1929518844708,60114820903.14578,5474729959.575941,sol
2025-04-04,122.71307466195722,63119906836.25052,6141157658.850645,sol
2025-04-05,120.16838205477264,61612075005.753624,1955824996.8725357,sol
2025-04-06,105.76515013740064,54407017309.8724,4396294752.456149,sol
2025-04-07,106.7967654056102,55287675172.0351,9917012343.481731,sol
2025-04-08,105.48654682895577,54362173273.33906,6176838846.398615,sol
2025-04-09,118.96288063114292,61346961564.26659,8239588242.375064,sol
2025-04-10,112.88616853404648,58222992351.23841,4925583853.038068,sol
2025-04-11,121.39249540173658,62579152124.32843,4490645224.532262,sol
2025-04-12,132.15438529607428,68213237375.70017,4651920909.779958,sol
2025-04-13,128.2347432835372,66179248512.52756,4291450492.451211,sol
2025-04-14,129.42181202590046,66819953237.06392,5081658904.236963,sol
2025-04-15,126.3038818388089,65196188092.34004,3719787998.900468,sol
2025-04-16,131.4761427933663,67870163137.17048,5101503918.076568,sol
2025-04-17,134.6151648808524,69481783520.11879,4018737660.854973,sol
2025-04-18,133.9760882871713,69200358044.81024,2480801560.1936097,sol
2025-04-19,139.64248014652355,72126425869.29272,2834667466.059489,sol
2025-04-20,137.6315829179827,71115714800.43887,3092429798.991093,sol
2025-04-21,136.3303974884886,70377196884.15381,4783795038.828256,sol
2025-04-22,148.80397504642707,76994272929.58481,5472749483.478719,sol
2025-04-23,150.9999108899842,78136958296.32701,5423865832.324091,sol
2025-04-24,152.3299363576059,78834813870.53423,4515150018.575274,sol
2025-04-25,150.92008896105446,78095157984.68939,5066838746.453711,sol
2025-04-26,149.14633083954075,77171380425.34795,2422656520.389346,sol
2025-04-27,148.2466719511348,76723146261.05916,2296538427.6507287,sol
2025-04-28,147.99083303267335,76624350441.35915,4344220983.973297,sol
2025-04-29,146.49305755147196,75781317345.75404,3236163761.820636,sol
2025-04-30,147.73348327834748,76523027843.31308,3339352715.472854,sol
2025-05-01,150.76046702861854,78031497674.26257,3739901458.503681,sol
2025-05-02,147.97213909446802,76659566565.3345,3193090564.1996865,sol
2025-05-03,146.79754814764868,76050416304.2383,1777312803.7801025,sol
2025-05-04,143.9823040324787,74610364597.26736,1839075329.597307,sol
2025-05-05,146.81070557078957,76081780962.32152,2594552533.4757075,sol
2025-05-06,146.90938773866714,76171920683.02298,3138354742.93678,sol
2025-05-07,147.20059726659957,76417534983.0677,4811988060.661323,sol
2025-05-08,163.41627317514832,84778096844.96829,7618036777.599004,sol
2025-05-09,172.6970765026263,89635021353.66832,8703440319.327112,sol
2025-05-10,177.3428319704922,92013963177.5248,4641291512.67865,sol
2025-05-11,172.85779222329435,89780630397.80266,4733142340.016698,sol
2025-05-12,174.41950190990173,90653796121.97775,8002629811.569619,sol
2025-05-13,184.0537977717943,95581040460.8069,6287498118.264789,sol
2025-05-14,176.45507175799847,91672812384.26956,5807895946.602451,sol
2025-05-15,168.75269732863256,87703070136.71524,5419257075.786196,sol
2025-05-16,167.76812404954248,87324065441.59238,4389549581.69855,sol
2025-05-17,165.9394166641985,86258046849.37544,3269429713.7712717,sol
2025-05-18,171.5406749574527,89156663000.20357,4719647862.73409,sol
2025-05-19,166.7148813421899,86660180885.53973,4917489419.353307,sol
2025-05-20,168.38572912424627,87567636791.65742,4723025924.7160635,sol
2025-05-21,173.96771434765478,90506196649.11792,6215139156.977671,sol
2025-05-22,179.57884486750282,93401318404.666,5820960214.759074,sol
2025-05-23,174.43566967519817,90766229737.02824,8631193319.547667,sol
2025-05-24,175.9976176396849,91595150534.4116,3543822748.1900992,sol
2025-05-25,175.13203918726265,91110205286.38454,3915382381.155895,sol
2025-05-26,174.71672204451494,90921624705.8187,3202505989.7881603,sol
2025-05-27,176.57784495904014,91885206177.41884,4151034839.0818906,sol
2025-05-28,172.12073410994773,89626729703.32722,3798038676.2862353,sol
2025-05-29,166.83894593726552,86843428994.42337,3849498974.469161,sol
2025-05-30,156.51262963204462,81757475086.86885,4811893138.165595,sol
2025-05-31,156.86968538083693,81936330847.34436,3067057498.6570454,sol
2025-06-01,157.63092185153255,82343946258.36638,2744309615.283999,sol
2025-06-02,156.97126157615844,81999316408.5183,3295032805.67504,sol
2025-06-03,155.57609294535118,81296707387.07445,4001215457.270695,sol
2025-06-04,153.52933334658826,80445464948.66203,2894328554.847466,sol
2025-06-05,144.54778524030908,75763092323.77681,5147783563.002369,sol
2025-06-06,148.27289869882955,77715710807.20976,3081994292.815606,sol
2025-06-07,150.07536034230216,78768382382.38567,2061571442.4994383,sol
2025-06-08,152.50446458828966,80043272922.8385,2132215310.9007103,sol
2025-06-09,161.15980951265985,84589937775.16258,4008837628.698958,sol
2025-06-10,164.9644225697288,86571332860.45332,5347282400.770432,sol
2025-06-11,161.01986639557893,84533356127.98843,5796688364.492554,sol
2025-06-12,152.6604566097001,80285894233.06946,3971540185.958896,sol
2025-06-13,148.53042859104298,78374298079.131,6899166919.424324,sol
2025-06-14,144.75154594223267,76395263029.6604,2347896839.35581,sol
2025-06-15,152.684889859998,80585766786.45044,3899774764.538459,sol
2025-06-16,151.43554856186984,79959725924.2985,5091508004.197791,sol
2025-06-17,147.99188434299543,78146853122.15833,5049196750.599356,sol
2025-06-18,146.27697674399295,77197222250.09135,4140075680.6693616,sol
2025-06-19,147.09924520457085,77672175553.78215,3317445622.022612,sol
2025-06-20,140.04009054961782,74352627907.47485,4927733598.47951,sol
2025-06-21,133.71000196412658,70788027179.84511,3965117683.287045,sol
2025-06-22,131.8134744866569,70035052662.1332,6034851129.188091,sol
2025-06-23,144.7815680115998,76913532127.43575,6803245546.166264,sol
2025-06-24,145.8019507474219,77418435219.14531,4365577695.258674,sol
2025-06-25,143.37011953879949,76592225935.41951,3632253966.777613,sol
2025-06-26,138.97799072607012,74258601216.09717,4094443190.4828176,sol
2025-06-27,142.12675809713753,75946935362.85362,3884472749.841882,sol
2025-06-28,150.7812372563586,80534347465.08652,3480663753.86231,sol
2025-06-29,153.31879559308874,81941734208.35605,3034669713.0257177,sol
2025-06-30,154.9374500694811,82818070628.0388,5839631136.997528,sol
2025-07-01,146.84115991278014,78488996165.02196,4180937195.699031,sol
2025-07-02,152.1680329188485,81356182087.82619,4586707670.749116,sol
2025-07-03,152.28063806980848,81414932798.53902,4481298325.462197,sol
2025-07-04,147.76302956048175,79002678553.63802,4122205670.4260592,sol
2025-07-05,147.60067170952215,78946152630.50418,1854457228.577465,sol
2025-07-06,151.92103968743746,81209567201.79767,3555730137.1277676,sol
2025-07-07,148.79005045485957,79678109116.42232,4159999387.584406,sol
2025-07-08,151.83083400485827,81344510607.36617,4528768718.257452,sol
2025-07-09,157.20772193763892,84264481217.45757,5340601044.883773,sol
2025-07-10,163.85821380442644,87651094464.58328,10873010259.89518,sol
2025-07-11,162.75319398002793,87228696845.69495,15000208185.36994,sol
2025-07-12,160.46917812212587,85990922452.45544,7427115213.712982,sol
2025-07-13,161.2426294578984,86379646790.38098,7216327088.355576,sol
2025-07-14,162.28222240485653,87012722669.01315,14500503326.7985,sol
2025-07-15,163.96583057213138,87943386177.56264,12915906103.683296,sol
2025-07-16,173.8289647474319,93485435152.36852,17811143762.30818,sol
2025-07-17,176.0976453468298,94705914575.06302,16421519782.114107,sol
2025-07-18,177.36979874415755,95389053896.84322,18801332820.737236,sol
2025-07-19,176.91082733883786,95159016657.7261,8109077838.043139,sol
2025-07-20,180.99223128612937,97369774805.6155,13879156359.595356,sol
2025-07-21,196.42381167802617,105726477497.21576,23536247199.55184,sol
2025-07-22,205.2909062553001,110388822982.47328,33288976911.75837,sol
2025-07-23,189.5923023530127,102009512597.66689,22842746849.566635,sol
2025-07-24,182.5608428675505,98288901831.98495,19515303060.801735,sol
2025-07-25,186.17182549934944,100191430260.7939,17804092124.295223,sol
2025-07-26,184.9395837508933,99537260340.7252,6066268600.664028,sol
2025-07-27,188.5758287219798,101416340780.40604,7055013487.194188,sol
2025-07-28,183.03025266261037,98532622033.55844,11859569057.897078,sol
2025-07-29,181.16776459533068,97454126235.82951,5784849447.910539,sol
2025-07-30,177.8780960276323,95607702499.41104,6340104641.556541,sol
2025-07-31,172.1630467364299,92708865239.70064,5648090381.562077,sol
2025-08-01,162.79127248081605,87608862241.09743,8524308824.141164,sol
2025-08-02,158.53125175932496,85419275441.3688,3493829006.1178837,sol
2025-08-03,161.90312387611365,87127911992.51938,3799213534.622081,sol
2025-08-04,169.41522028427192,91187068515.65495,5184477262.429844,sol
2025-08-05,164.08356857308905,88366756321.06778,4990165298.964871,sol
2025-08-06,168.1731958529984,90602300378.8986,3925170891.210051,sol
2025-08-07,175.3851480311338,94555506562.206,4922490352.0849,sol
2025-08-08,176.79535226118225,95358552408.137,6314967732.267661,sol
2025-08-09,180.38638312645057,97273757979.29633,5151414730.8922,sol
2025-08-10,182.9089507475702,98680797069.32024,6526899522.845935,sol
2025-08-11,175.04512640796176,94446838456.51956,7218575660.657902,sol
2025-08-12,192.59412792428108,103958446553.55504,8241598209.651322,sol
2025-08-13,201.8186877395025,109040519317.65358,12032742881.340282,sol
2025-08-14,192.75680405400084,104086483120.68983,14504164931.300505,sol
2025-08-15,185.5996951638033,100133112662.54549,8453295249.345534,sol
2025-08-16,189.76942306167987,102341194195.00089,4463139739.111394,sol
2025-08-17,191.64098987374877,103498590849.65073,4337337967.245784,sol
2025-08-18,183.0130381229085,98839575359.52383,6404055055.139721,sol
2025-08-19,176.4002245667356,95269629007.20668,6012864665.830554,sol
2025-08-20,187.2669439751863,101153138629.37643,6232892656.027937,sol
2025-08-21,180.24297051206173,97284344052.61476,5352469255.969752,sol
2025-08-22,200.2605865005056,108194143822.4916,10127448099.98284,sol
2025-08-23,204.01931609622184,110265793443.07307,7707066769.148663,sol
2025-08-24,205.88090746426144,111293086915.60172,11192452947.414185,sol
2025-08-25,187.18525315161807,101136116915.87978,12382673799.15369,sol
2025-08-26,195.9857969070515,105940691853.63528,8074057190.355703,sol
2025-08-27,203.29341765413955,109858006061.39355,12654160502.675877,sol
2025-08-28,214.54958917125032,116004977345.01314,12259075336.968056,sol
2025-08-29,205.08335316941145,110856000021.0619,13457457307.813232,sol
2025-08-30,202.71014197799337,109624145394.8024,5916828358.740077,sol
2025-08-31,200.90099462282365,108641493698.23296,5119565154.109434,sol
2025-09-01,196.88381950999033,106414197827.8846,7408407557.527862,sol
2025-09-02,209.23036715955652,113196213823.18475,8803333414.35032,sol
2025-09-03,210.678785187558,113974936294.58269,6956952790.247085,sol
2025-09-04,202.68556246131905,109721137208.39746,5057527125.787553,sol
2025-09-05,203.47913677981904,110114510867.43684,7547177831.706224,sol
2025-09-06,200.18665937035897,108362930311.83084,2968164693.6168056,sol
2025-09-07,206.51848846856373,111936108428.27112,4213958987.249966,sol
2025-09-08,214.08956690665315,116026061901.42412,9970745423.357143,sol
2025-09-09,217.38518604767611,117845247298.93936,9082166653.74413,sol
2025-09-10,223.9996568751895,121443927715.77182,9538303334.00484,sol
2025-09-11,228.6994803098487,123996407786.3184,10115240805.136229,sol
2025-09-12,242.25824628845257,131451215438.38593,13331440399.44534,sol
2025-09-13,242.6675990847208,131625546341.2104,7460431580.746429,sol
2025-09-14,240.51910214123612,130492671181.8851,9641527089.213787,sol
2025-09-15,233.8358169548661,126723030988.81142,10189245912.076498,sol
2025-09-16,237.00322352946304,128913223473.07256,7606193246.926102,sol
2025-09-17,244.94703055919837,133012651049.5734,10904096063.20618,sol
2025-09-18,247.55626201820508,134328267645.0745,9525238920.41541,sol
2025-09-19,238.33823551145915,129345335675.59084,7795423019.894011,sol
2025-09-20,239.46337999355012,130034859270.97708,3643828369.3949914,sol
2025-09-21,236.64867854250417,128569320517.27148,3625096944.4525175,sol
2025-09-22,220.33692191838944,119686369996.93571,12282736836.312029,sol
2025-09-23,214.17925267896385,116518133817.56525,7575651795.115867,sol
2025-09-24,211.59608812684968,115032433454.73328,8445521212.739207,sol
2025-09-25,192.18165357078567,104476128475.99644,12016864135.347467,sol
2025-09-26,205.1199454921513,111442276251.7605,10264035473.466131,sol
2025-09-27,203.5749247337909,110625886749.88844,4017566336.8666024,sol
2025-09-28,210.7450481378904,114541266794.95769,4489384967.131298,sol
2025-09-29,212.92955681530267,115729984092.68108,6935052896.50192,sol
2025-09-30,208.6992944881733,113428586887.75471,7027033380.102042,sol
2025-10-01,221.2188833389755,120044760192.73802,8473857082.585505,sol
2025-10-02,234.61674360916183,127362028246.18867,10240423698.713894,sol
2025-10-03,233.06458024680495,127150990208.83511,9409846313.93892,sol
2025-10-04,227.93905953905113,124310880122.60092,4629724693.376066,sol
2025-10-05,228.5443211026712,124722639864.9079,7161162365.904725,sol
2025-10-06,232.5968012360869,126917886067.39792,7565905967.514749,sol
2025-10-07,220.92325353514107,120651918153.05309,9428620255.995054,sol
2025-10-08,229.06280907281337,125078490889.5338,7378938614.697137,sol
2025-10-09,220.8065008190006,120565130574.60736,7926447520.068074,sol
2025-10-10,189.8912952568837,104753731395.58649,16979196402.761215,sol
2025-10-11,178.3062307703534,97463291611.22888,12825283650.402828,sol
2025-10-12,197.03997380287893,107553280810.07176,12182439886.806627,sol
2025-10-13,207.92928081408232,113600150801.75488,11548480550.997688,sol
2025-10-14,202.77828792883705,111004502175.88118,13553378827.238491,sol
2025-10-15,193.96279214560616,106135409373.7695,9764892301.796349,sol
2025-10-16,184.57406686923576,100920180313.75322,9925743378.18117,sol
2025-10-17,182.07052141400305,99584853701.89706,10314262292.9234,sol
2025-10-18,187.55870371602296,102547391633.91817,4080705643.636593,sol
2025-10-19,187.62095813065147,102473799864.32951,4866494598.220849,sol
2025-10-20,189.83490809801577,103759163273.00163,6130975032.123,sol
2025-10-21,185.78992071057104,101503754154.96838,8140307547.666378,sol
2025-10-22,180.02645418265774,98365559775.72266,7331527656.706337,sol
2025-10-23,191.42417371185576,105126704771.48364,6328717665.982079,sol
2025-10-24,193.47566388653937,106277703611.5622,5836419855.507742,sol
2025-10-25,194.011016152678,106640787914.34056,3143145861.3248463,sol
2025-10-26,200.07095684438153,110015344814.02438,4807959121.519227,sol
2025-10-27,198.81130112961708,109185355497.74608,6699989320.198287,sol
2025-10-28,194.40531681984675,106812830000.23653,8022554748.305202,sol
2025-10-29,194.22060377742545,106654590061.0207,8179014087.802186,sol
2025-10-30,184.28637111326051,101142410783.16472,8507378052.630039,sol
2025-10-31,187.2627467672827,103442974150.53136,5793893051.801109,sol
2025-11-01,186.3556506725306,102961761123.6358,2712449199.879818,sol
2025-11-02,187.19632465985816,103265155078.90248,3242429378.753831,sol
2025-11-03,165.92718959407298,91638592574.92229,9778486257.676378,sol
2025-11-04,155.5134380549323,85947115263.93896,11455410012.209955,sol
2025-11-05,162.64616988523213,89955932106.81238,6883947244.13202,sol
2025-11-06,154.84889388443324,85562556342.39645,5556988830.548565,sol
2025-11-07,161.87760775808556,89680212829.84552,6640253853.035683,sol
2025-11-08,158.15618865832252,87566175479.22525,3787812871.602458,sol
2025-11-09,164.26842094537048,90880757292.0812,4600362342.428592,sol
2025-11-10,167.54840917926455,92866398678.98384,5572975599.617281,sol
2025-11-11,154.34628754698477,85546876438.37358,6119928731.138143,sol
2025-11-12,153.19515043362588,84852474992.51434,5898647664.686135,sol
2025-11-13,145.15580784802805,80581216086.66986,7303794089.642745,sol
2025-11-14,139.00276447047776,77119490344.96066,8537259511.224628,sol
2025-11-15,139.59145707175173,77375030096.27234,3515375946.078547,sol
